dataset,fold,train_size,model,auroc,auprc,brier,train_time,inf_time
MI,0,50,XGBoost,0.9294063079777365,0.8361876790389395,0.07708702084428366,0.5571198021061718,7.74518371489181e-06
MI,0,50,LightGBM,0.7123376623376623,0.3453147987294587,0.15064129019997954,0.0645667698699981,2.8655858732670903e-06
MI,0,50,CatBoost,0.9267161410018553,0.8686627302446472,0.07581770979342098,0.3627266439143568,5.040749113457612e-06
MI,0,50,RandomForest,0.9351113172541745,0.8794420697968252,0.07521171317558942,0.40567596699111164,0.00029667315956398075
MI,0,100,XGBoost,0.9336734693877552,0.8665237564070127,0.06868660584148362,0.0923529730644077,7.411740549591433e-06
MI,0,100,LightGBM,0.8134508348794064,0.5313603868011987,0.13671997882034326,0.02512083505280316,3.4010638872465763e-06
MI,0,100,CatBoost,0.9181818181818182,0.844504474680812,0.07507491367143593,0.27560877590440214,2.378637742889355e-06
MI,0,100,RandomForest,0.943274582560297,0.8869370664446005,0.06714428742186129,0.3920090461615473,0.00029615810756901823
MI,0,200,XGBoost,0.9475417439703154,0.8958170264110228,0.06254334130523934,0.10435106209479272,7.81431029814173e-06
MI,0,200,LightGBM,0.9470779220779222,0.8924395453485073,0.06406802394968339,0.03811036888509989,3.894350391282029e-06
MI,0,200,CatBoost,0.9365491651205937,0.874587998455443,0.07251995083342193,0.2550819809548557,2.408964166128303e-06
MI,0,200,RandomForest,0.9437847866419296,0.8894542038804085,0.0648987121426017,0.4105765479616821,0.00025361174888226143
MI,0,500,XGBoost,0.9595547309833024,0.9114019636411699,0.05398584641864899,0.12147172098048031,8.457952524086394e-06
MI,0,500,LightGBM,0.9539888682745825,0.9087499481749785,0.05712924595532694,0.0660068120341748,4.268533353549076e-06
MI,0,500,CatBoost,0.94860853432282,0.8832958227030834,0.07013626909851452,0.2753952629864216,2.3469801962494375e-06
MI,0,500,RandomForest,0.9492578849721707,0.8928550489155231,0.06125902435095818,0.4166003370191902,0.0002964737211016426
MI,0,1002,XGBoost,0.9661410018552876,0.9276395282945009,0.05037139446391997,0.13136294786818326,8.367498282832928e-06
MI,0,1002,LightGBM,0.9646567717996289,0.9227431477965448,0.051952792964576784,0.08250818401575089,4.355637987415154e-06
MI,0,1002,CatBoost,0.9614100185528756,0.9167658257266008,0.05509737723166473,0.3100248440168798,2.1710075378655438e-06
MI,0,1002,RandomForest,0.9617346938775511,0.9127499280728739,0.05598611333684356,0.499238007934764,0.0002577970206989829
MI,1,50,XGBoost,0.9602504638218924,0.8879144216951834,0.0656287162666085,0.07651532301679254,7.441741380974116e-06
MI,1,50,LightGBM,0.672495361781076,0.3018336542852609,0.16193282643338197,0.012442684033885598,3.2013545621676275e-06
MI,1,50,CatBoost,0.9408627087198516,0.7285591854155513,0.09877659237859159,0.24329612404108047,2.436617211219799e-06
MI,1,50,RandomForest,0.950556586270872,0.8178121733642597,0.07507915537848606,0.38780342508107424,0.00025530427553323634
MI,1,100,XGBoost,0.9100649350649351,0.7717826291916967,0.08531105914945726,0.0894607468508184,7.197988104535289e-06
MI,1,100,LightGBM,0.8167903525046382,0.5686023937742521,0.12469419477103796,0.018186393892392516,3.193330717276767e-06
MI,1,100,CatBoost,0.9164656771799629,0.7506582348921168,0.09781956634548111,0.25852481182664633,2.4370958590768723e-06
MI,1,100,RandomForest,0.9202690166975882,0.7765411103307006,0.0946035001178054,0.38674583891406655,0.00025669627440759387
MI,1,200,XGBoost,0.9219387755102041,0.8311713736612585,0.08327895664855912,0.10367771703749895,7.527753287755635e-06
MI,1,200,LightGBM,0.9205473098330241,0.8063460966384024,0.08566177899668982,0.035882581025362015,3.831418401810277e-06
MI,1,200,CatBoost,0.9107142857142857,0.7846605839707075,0.09403879432691703,0.2532267109490931,2.3210478716518774e-06
MI,1,200,RandomForest,0.9243042671614101,0.8046538675739302,0.08462029130999568,0.4023505768273026,0.00026222319524007965
MI,1,500,XGBoost,0.9525510204081633,0.8804093432492662,0.06627201342719234,0.11866137199103832,8.239203032506889e-06
MI,1,500,LightGBM,0.9492578849721707,0.8494718783651419,0.06770162727872155,0.061025723116472363,4.244060162825888e-06
MI,1,500,CatBoost,0.954035250463822,0.8726369753242059,0.06486222624117406,0.2741978371050209,2.399777095631299e-06
MI,1,500,RandomForest,0.9517161410018554,0.8804401950712774,0.061597176051583755,0.4134005850646645,0.0002549330201148393
MI,1,1002,XGBoost,0.9508812615955474,0.8953392162370765,0.06206475341048009,0.130136847961694,8.521147027789834e-06
MI,1,1002,LightGBM,0.9528293135435992,0.9018759113536372,0.06108331102764867,0.08498212997801602,4.394469686238414e-06
MI,1,1002,CatBoost,0.9380797773654915,0.8956698639966582,0.05806978985061155,0.31063849409110844,2.3827452093837746e-06
MI,1,1002,RandomForest,0.9540816326530612,0.9037330709900628,0.057440770922267084,0.47319162799976766,0.00029762583205929075
MI,2,50,XGBoost,0.8984230055658629,0.6966118172234885,0.10276173659639203,0.07254238799214363,7.115772914185942e-06
MI,2,50,LightGBM,0.7832096474953618,0.4084430997121329,0.14487534995264983,0.00807810015976429,2.7503263561492896e-06
MI,2,50,CatBoost,0.9154452690166975,0.6764482110505929,0.13268794607513687,0.2441086769104004,2.2500280320525644e-06
MI,2,50,RandomForest,0.9365491651205937,0.8232232925162846,0.08638425498007968,0.38299676682800055,0.0002570958451861404
MI,2,100,XGBoost,0.9263450834879406,0.8189364470050237,0.08838466324220914,0.07918297802098095,7.115259017068076e-06
MI,2,100,LightGBM,0.7799628942486087,0.4190117926680218,0.1565557857536859,0.020294819958508015,3.2639201448495643e-06
MI,2,100,CatBoost,0.9312152133580704,0.7728557183549043,0.12317983377827293,0.2525503078941256,2.3594973942791796e-06
MI,2,100,RandomForest,0.9430426716141003,0.864014267555806,0.08330462151394422,0.3813413770403713,0.0002545285181502303
MI,2,200,XGBoost,0.9396103896103898,0.889156605073368,0.06825927054101151,0.09817082714289427,7.5040082725514456e-06
MI,2,200,LightGBM,0.9247680890538034,0.8590942657761599,0.08317167558394675,0.041049339110031724,3.935772910773516e-06
MI,2,200,CatBoost,0.9545918367346939,0.8800749092873084,0.07913253228976733,0.2644143719226122,6.812322231759113e-06
MI,2,200,RandomForest,0.951113172541744,0.8762784531779586,0.07211425562575573,0.4038361608982086,0.00029818948165354027
MI,2,500,XGBoost,0.9614564007421151,0.9185350284366773,0.051947203756758986,0.11751788994297385,8.16585210363466e-06
MI,2,500,LightGBM,0.9639146567717997,0.9215641716798847,0.05110774297322703,0.06381388008594513,4.290677310223598e-06
MI,2,500,CatBoost,0.965352504638219,0.9308367777556282,0.047826927415832735,0.27776343398727477,2.3288648590386153e-06
MI,2,500,RandomForest,0.9655380333951762,0.9201115348922645,0.05121394711548639,0.4151295288465917,0.000257573259319086
MI,2,1002,XGBoost,0.9706400742115027,0.9273533758604943,0.04618048945136672,0.13130244985222816,8.49915148905549e-06
MI,2,1002,LightGBM,0.9625695732838591,0.9276802597397336,0.04535309200894481,0.08303890307433903,4.348857142773282e-06
MI,2,1002,CatBoost,0.9636827458256029,0.9309918129638726,0.044768332401304844,0.3306923429481685,2.4632712180514735e-06
MI,2,1002,RandomForest,0.9644248608534323,0.9268854872246173,0.047777604590072124,0.47380809811875224,0.00025333757363853464
MI,3,50,XGBoost,0.6931689342403627,0.46488668358534024,0.15839149298786953,0.06832495401613414,7.103587500751018e-06
MI,3,50,LightGBM,0.5804043839758126,0.25089550264550264,0.16935999963356899,0.012192392954602838,3.133147954940796e-06
MI,3,50,CatBoost,0.9119897959183674,0.6381128029735303,0.12538311648355446,0.24817385687492788,2.459564246237278e-06
MI,3,50,RandomForest,0.9273904006046862,0.7287731370038044,0.09555694400000002,0.38327216799370944,0.00021723405644297599
MI,3,100,XGBoost,0.9296107331821618,0.8206269100989241,0.08253388096932958,0.08154242904856801,7.262744009494781e-06
MI,3,100,LightGBM,0.805791761148904,0.4926925138906867,0.13155242179375098,0.025379249826073647,3.343584015965462e-06
MI,3,100,CatBoost,0.942224111866969,0.7890389051841757,0.09901053446944309,0.2532155329827219,2.171815373003483e-06
MI,3,100,RandomForest,0.9520502645502646,0.8453390060651838,0.07674426281935752,0.3908422919921577,0.0002603328758850694
MI,3,200,XGBoost,0.92682350718065,0.7987114448244941,0.09023376197820605,0.10175210004672408,7.8412601724267e-06
MI,3,200,LightGBM,0.9007936507936508,0.7590782361804091,0.09769988436053272,0.03926812903955579,3.9543043822050095e-06
MI,3,200,CatBoost,0.9224773242630386,0.7841981513205927,0.09919616745231076,0.28322316985577345,2.180076204240322e-06
MI,3,200,RandomForest,0.9227607709750567,0.7374975264486201,0.09152554082608484,0.40630209003575146,0.0002582075921818614
MI,3,500,XGBoost,0.9378779289493575,0.8226706927810653,0.08787288495630526,0.11771269189193845,8.203775621950626e-06
MI,3,500,LightGBM,0.9006991685563114,0.7902756550884655,0.08933400157080466,0.06056805490516126,4.436776041984558e-06
MI,3,500,CatBoost,0.9356103552532123,0.8068027256607778,0.0898175566393708,0.2786169920582324,2.3605599999427796e-06
MI,3,500,RandomForest,0.9358465608465609,0.8035538237170426,0.08838762460789747,0.4204131420701742,0.0002235584994778037
MI,3,1003,XGBoost,0.9439247921390779,0.8475406137957903,0.08346609989026135,0.12957237497903407,8.670211769640445e-06
MI,3,1003,LightGBM,0.9379724111866968,0.8187723158663813,0.08616262604163641,0.08204992511309683,4.574703983962536e-06
MI,3,1003,CatBoost,0.9268235071806501,0.7935386210502037,0.08221860764684942,0.3557725790888071,2.3143598809838296e-06
MI,3,1003,RandomForest,0.9337207105064249,0.8268873826936611,0.08365738683274776,0.4695541551336646,0.0002582182353362441
MI,4,50,XGBoost,0.8506759906759906,0.7147162026696686,0.09818191896559,0.07580509386025369,7.2837918996810916e-06
MI,4,50,LightGBM,0.7046620046620047,0.34520499108734404,0.15163857694652041,0.007112235063686967,2.6284558698534965e-06
MI,4,50,CatBoost,0.8465268065268066,0.694627089455529,0.13323964976513822,0.24326186487451196,2.1889759227633476e-06
MI,4,50,RandomForest,0.882983682983683,0.7867506324600775,0.11532618938421768,0.3772843920160085,0.00025994598399847746
MI,4,100,XGBoost,0.8820979020979021,0.7550822705320331,0.08696635153281938,0.09428199590183794,7.609307765960693e-06
MI,4,100,LightGBM,0.6693706293706293,0.3587992490480436,0.15891027046032014,0.01953266398049891,3.324856050312519e-06
MI,4,100,CatBoost,0.8887645687645688,0.703793804652563,0.09831112358665609,0.26994356396608055,2.3148246109485625e-06
MI,4,100,RandomForest,0.91006993006993,0.7877177396231513,0.08148154932117975,0.38275817688554525,0.00021815672051161527
MI,4,200,XGBoost,0.9220512820512822,0.8327296827210509,0.07474160662607132,0.10626692790538073,7.798132486641407e-06
MI,4,200,LightGBM,0.9075058275058275,0.824088799579914,0.07584998812967564,0.03833720809780061,3.894608467817307e-06
MI,4,200,CatBoost,0.9111421911421911,0.8361032688697039,0.0731073500078889,0.2659024491440505,4.5658322051167485e-06
MI,4,200,RandomForest,0.9214918414918415,0.8595676367556963,0.06971065551284057,0.41072824806906283,0.00021806946396827698
MI,4,500,XGBoost,0.9489976689976689,0.8865179122699117,0.0632514214686105,0.12008767412044108,8.31792037934065e-06
MI,4,500,LightGBM,0.9288111888111887,0.8537920443212589,0.07041699567820459,0.060173365054652095,4.304500296711921e-06
MI,4,500,CatBoost,0.9358508158508158,0.8517406329337646,0.0658476205005185,0.2727738928515464,2.3767407983541487e-06
MI,4,500,RandomForest,0.9281118881118882,0.8619897482865087,0.06657783847556227,0.42396462289616466,0.0002193904323503375
MI,4,1003,XGBoost,0.9433100233100232,0.8898725683625976,0.061910298553066366,0.1296103170607239,8.565188385546207e-06
MI,4,1003,LightGBM,0.936130536130536,0.8794753004247825,0.06422570285151424,0.08010779111646116,4.3590357527136805e-06
MI,4,1003,CatBoost,0.9318414918414918,0.8620642048111524,0.06794931544866076,0.3087130570784211,2.3082681000232696e-06
MI,4,1003,RandomForest,0.9379020979020979,0.8703261386036794,0.06512715211706734,0.46155530703254044,0.0002609815485775471
MI,5,50,XGBoost,0.8763914656771798,0.7127124439871846,0.09735481942527925,0.07724407291971147,7.1043150492042185e-06
MI,5,50,LightGBM,0.6786641929499072,0.3107374289557896,0.1670448924076458,0.008091680007055402,2.6974023739061506e-06
MI,5,50,CatBoost,0.9011595547309832,0.6923227521144567,0.10466896969356834,0.2532059489749372,2.3049927609731476e-06
MI,5,50,RandomForest,0.9189239332096475,0.7989118039726836,0.0855790282069946,0.3775358679704368,0.0002575064499109271
MI,5,100,XGBoost,0.8934601113172541,0.8172431665628878,0.09081299651267742,0.08750800113193691,7.311777356433204e-06
MI,5,100,LightGBM,0.6786641929499072,0.3107374289557896,0.17109396205071148,0.01547240698710084,3.1639365442245606e-06
MI,5,100,CatBoost,0.8801020408163267,0.6745953377069541,0.11522454434645597,0.2601817208342254,2.2677166676853758e-06
MI,5,100,RandomForest,0.9195269016697588,0.817202809851657,0.085650921900274,0.3920779721811414,0.00025748330227793215
MI,5,200,XGBoost,0.9122912801484231,0.8177692714853743,0.08300559805569147,0.09914310881868005,7.456737158604827e-06
MI,5,200,LightGBM,0.9235157699443414,0.7990955250534969,0.08971318166275295,0.03813330293633044,3.841171315704209e-06
MI,5,200,CatBoost,0.9088589981447124,0.791475080927004,0.09565785905439371,0.2664691349491477,2.342299465461081e-06
MI,5,200,RandomForest,0.9301020408163266,0.8268955975055756,0.0805625383156658,0.4141344418749213,0.0002943659646518202
MI,5,500,XGBoost,0.9378014842300557,0.8574289877603367,0.07678793141161104,0.11455922923050821,7.966218842750052e-06
MI,5,500,LightGBM,0.9234230055658628,0.8571425176179397,0.07773978237391839,0.05967513611540198,4.144147060722469e-06
MI,5,500,CatBoost,0.9267625231910946,0.8427581939946966,0.08364144876917227,0.2791503791231662,2.2736209188680724e-06
MI,5,500,RandomForest,0.92778293135436,0.8463886690334689,0.07661115460891678,0.4159525220748037,0.00025436530665186535
MI,5,1002,XGBoost,0.9442022263450833,0.8666343537670352,0.06980757541350838,0.1294892479199916,8.519111846785146e-06
MI,5,1002,LightGBM,0.9443877551020408,0.8538712507995075,0.07045629453391358,0.08215603092685342,4.359517261326551e-06
MI,5,1002,CatBoost,0.9465213358070501,0.8712216539246426,0.07089636050614782,0.30509899999015033,2.37871287947157e-06
MI,5,1002,RandomForest,0.9397495361781075,0.8652985036382101,0.06844443156662014,0.4684878080151975,0.00025714685643217955
MI,6,50,XGBoost,0.9450371057513913,0.8925066972636418,0.05548671349174126,0.0730894710868597,7.093562169438339e-06
MI,6,50,LightGBM,0.7105751391465678,0.35067004708438976,0.15802722058511257,0.007178060011938214,2.6481266901550063e-06
MI,6,50,CatBoost,0.9230055658627088,0.7288237223831686,0.08882695574568304,0.2981195349711925,2.372984874592834e-06
MI,6,50,RandomForest,0.9489795918367347,0.8819922060243892,0.06658960956175299,0.38466214714571834,0.00025633856583668653
MI,6,100,XGBoost,0.934786641929499,0.9004644721150057,0.056091899515516505,0.08839049492962658,7.30886094390871e-06
MI,6,100,LightGBM,0.7535250463821893,0.5728259757221854,0.11898204554374245,0.020145444199442863,3.3034707430705605e-06
MI,6,100,CatBoost,0.9398886827458256,0.8593358384719757,0.06981860241509574,0.25534889404661953,2.2541475575046235e-06
MI,6,100,RandomForest,0.9438775510204083,0.8762461469475502,0.06322787988449327,0.38387699518352747,0.0002544650119688525
MI,6,200,XGBoost,0.9344155844155844,0.8951323191809749,0.05655899303082678,0.09330542711541057,7.438107924276139e-06
MI,6,200,LightGBM,0.9345547309833023,0.873920656808196,0.055959484930472196,0.03660556604154408,3.8123188681336514e-06
MI,6,200,CatBoost,0.9383116883116883,0.8474668062603525,0.06608749094665914,0.2899283261504024,2.4504219348805835e-06
MI,6,200,RandomForest,0.9563079777365491,0.8957484885106388,0.05868192119888501,0.41400463809259236,0.000254372637570498
MI,6,500,XGBoost,0.947773654916512,0.8987597128685529,0.057106163372766035,0.1201646770350635,8.301175871040242e-06
MI,6,500,LightGBM,0.9461966604823748,0.8967663258412824,0.05946155867482965,0.06247063004411757,4.37760940823422e-06
MI,6,500,CatBoost,0.9437847866419294,0.8905187197962254,0.06166203413676282,0.29298102599568665,2.4369400202396856e-06
MI,6,500,RandomForest,0.9489795918367347,0.8963224442289767,0.057646603268609674,0.42277359310537577,0.00025440422647384056
MI,6,1002,XGBoost,0.9630797773654917,0.9065461542071623,0.05473776241634257,0.1295576780103147,8.439007901634828e-06
MI,6,1002,LightGBM,0.9641929499072357,0.9129463508960151,0.054224504729624104,0.08505000895820558,4.439114730256013e-06
MI,6,1002,CatBoost,0.961873840445269,0.9044284933605877,0.05541154891810981,0.30856941384263337,2.5135579990200787e-06
MI,6,1002,RandomForest,0.9601113172541744,0.9089572716780385,0.055238443111102896,0.46896033687517047,0.0002563952670555072
MI,7,50,XGBoost,0.9115955473098329,0.8061160624041273,0.08625619272252517,0.07496962486766279,7.12461305774778e-06
MI,7,50,LightGBM,0.7115491651205937,0.3803505317868916,0.158274066497816,0.0077740291599184275,2.624187804016459e-06
MI,7,50,CatBoost,0.9623376623376624,0.8890191139563527,0.08668939077120043,0.3482509849127382,2.2764816746649987e-06
MI,7,50,RandomForest,0.9656771799628943,0.9020907748557025,0.07274094060639529,0.38148135016672313,0.00025589966152115645
MI,7,100,XGBoost,0.9721706864564007,0.908658008763376,0.06539869581855369,0.0861244648694992,7.229446214568092e-06
MI,7,100,LightGBM,0.771799628942486,0.5829095739580036,0.13384340234072506,0.02138619893230498,3.303824163290609e-06
MI,7,100,CatBoost,0.9708719851576995,0.9147134069435036,0.07113917140202712,0.3128598630428314,2.328195123083563e-06
MI,7,100,RandomForest,0.9628942486085343,0.9045384242733194,0.06582295323318138,0.38812079187482595,0.0002552314746783549
MI,7,200,XGBoost,0.9115955473098329,0.8392501153008428,0.06951239529380897,0.10182775091379881,7.485637842005943e-06
MI,7,200,LightGBM,0.9121521335807049,0.843340105029029,0.06495516176194441,0.0394702241756022,3.78659432865234e-06
MI,7,200,CatBoost,0.8558441558441559,0.8155395554436473,0.07333927357101808,0.25529434788040817,2.237935680376581e-06
MI,7,200,RandomForest,0.9060760667903526,0.8655287609625111,0.06456174885224696,0.40942059899680316,0.00025442267760664107
MI,7,500,XGBoost,0.9653061224489796,0.9245177913950208,0.04973491614608062,0.12157126003876328,8.275103477011639e-06
MI,7,500,LightGBM,0.9671614100185529,0.9250684354090174,0.05302660027938067,0.05953505588695407,4.3753265547918604e-06
MI,7,500,CatBoost,0.9506493506493506,0.9180321046567061,0.04979946479714148,0.3198977131396532,6.825689122496373e-06
MI,7,500,RandomForest,0.9506493506493505,0.9212721803565238,0.05004641038175791,0.4174308080691844,0.00025577333837421053
MI,7,1002,XGBoost,0.9715213358070501,0.9244231303192009,0.05323545963589615,0.1295145449694246,8.350115759201734e-06
MI,7,1002,LightGBM,0.9750463821892392,0.9278402887357117,0.0520573511731499,0.08214137586764991,4.462072202765134e-06
MI,7,1002,CatBoost,0.9601113172541743,0.917620757696821,0.05401083668469703,0.3273019839543849,2.215537557979504e-06
MI,7,1002,RandomForest,0.9660482374768089,0.9186405505773654,0.05582602399445439,0.46507515595294535,0.00025507985647634207
MI,8,50,XGBoost,0.9402872260015116,0.8523212057991145,0.07207598231543738,0.07806508895009756,7.2366753593087196e-06
MI,8,50,LightGBM,0.5,0.216,0.16936,0.004072168841958046,2.6489114388823508e-06
MI,8,50,CatBoost,0.9366024187452758,0.7793323646572601,0.08244401891117571,0.23878783104009926,2.3542195558547974e-06
MI,8,50,RandomForest,0.9474678760393046,0.865472411502336,0.06632767495555555,0.38297590403817594,0.0002212340235710144
MI,8,100,XGBoost,0.9172808012093727,0.774006333094068,0.088149924186312,0.08515494083985686,7.265923544764518e-06
MI,8,100,LightGBM,0.6535336356764927,0.2900309852335996,0.16587369530940463,0.02072271704673767,3.2525239512324334e-06
MI,8,100,CatBoost,0.9366969009826153,0.7663476913378912,0.08048460315742677,0.283942666137591,2.0874161273241043e-06
MI,8,100,RandomForest,0.9544123204837491,0.8251741810760193,0.06892524634063492,0.3771559619344771,0.0002568640476092696
MI,8,200,XGBoost,0.9256897203325775,0.8215691290832351,0.07537564715614704,0.10104295611381531,7.631235755980016e-06
MI,8,200,LightGBM,0.9179421768707482,0.7974643735447051,0.08072719468875113,0.037126814015209675,3.932575695216656e-06
MI,8,200,CatBoost,0.9218631897203327,0.776110939546604,0.0865258993380038,0.25516550801694393,2.4789441376924516e-06
MI,8,200,RandomForest,0.9391534391534391,0.8175299997473073,0.07732677708422131,0.40951322694309056,0.0002228582678362727
MI,8,500,XGBoost,0.9531368102796673,0.891273715911685,0.06315554864034645,0.11960510211065412,8.316724561154842e-06
MI,8,500,LightGBM,0.9272014361300076,0.8633844573829323,0.0708891244075192,0.06456352397799492,4.053776152431965e-06
MI,8,500,CatBoost,0.9334845049130763,0.8605163547784903,0.07649282052143416,0.27238947921432555,2.2312039509415627e-06
MI,8,500,RandomForest,0.9341931216931216,0.8621684949030254,0.07162556830611289,0.4235384021885693,0.00025764346402138474
MI,8,1003,XGBoost,0.9516250944822373,0.8899685444192853,0.06365543829489213,0.12956279702484608,8.485968224704265e-06
MI,8,1003,LightGBM,0.9454837490551776,0.8811950848880701,0.0638198276004327,0.08129211398772895,4.442119970917701e-06
MI,8,1003,CatBoost,0.9450113378684807,0.8743515777968297,0.07068874146783768,0.3026570361107588,2.27721594274044e-06
MI,8,1003,RandomForest,0.9492157974300832,0.8812130351574667,0.06575326095838224,0.4666127981618047,0.00022408185619860886
MI,9,50,XGBoost,0.9042890442890443,0.7917672947922321,0.09304592848483759,0.07009757496416569,7.138795219361782e-06
MI,9,50,LightGBM,0.7015384615384616,0.3379504724029673,0.15963992048345504,0.007671664003282785,2.6503633707761765e-06
MI,9,50,CatBoost,0.9230769230769231,0.7621160349856557,0.09425385337739303,0.39022191194817424,2.3737959563732148e-06
MI,9,50,RandomForest,0.9354778554778554,0.8343356399099325,0.08076203200000001,0.3862049519084394,0.00021846336778253317
MI,9,100,XGBoost,0.9153379953379953,0.7575464972661328,0.08267198893875273,0.0811539760325104,7.2426274418830876e-06
MI,9,100,LightGBM,0.6154778554778555,0.313232419892707,0.16105714111986685,0.015651213936507702,3.1800605356693266e-06
MI,9,100,CatBoost,0.9292307692307692,0.7809211756103072,0.08499413424781585,0.2516990259755403,2.201352268457413e-06
MI,9,100,RandomForest,0.9306759906759906,0.8004910974794327,0.07842622394907468,0.389797227922827,0.0002627866240218282
MI,9,200,XGBoost,0.9254545454545455,0.8087669657244715,0.08081470178043007,0.10104182781651616,7.594112306833267e-06
MI,9,200,LightGBM,0.9034965034965036,0.7586477815545715,0.0871255015157326,0.03717514197342098,3.811807371675968e-06
MI,9,200,CatBoost,0.934918414918415,0.7931420124948884,0.08117611801724696,0.24989324901252985,2.2649159654974937e-06
MI,9,200,RandomForest,0.940979020979021,0.798008753287305,0.0706662744852178,0.41591675486415625,0.00022094888426363467
MI,9,500,XGBoost,0.9473193473193474,0.8865877589316813,0.06772031718517542,0.12045312486588955,8.242832496762277e-06
MI,9,500,LightGBM,0.8991142191142191,0.8021889143754926,0.08569838793234688,0.05874227988533676,4.223188385367393e-06
MI,9,500,CatBoost,0.9472261072261073,0.8754014441921659,0.07707153881262746,0.30841111205518246,2.449207939207554e-06
MI,9,500,RandomForest,0.9500699300699301,0.8459282401344268,0.06584740675774998,0.4229036548640579,0.00022798597998917102
MI,9,1003,XGBoost,0.9586946386946388,0.9172135087895985,0.05399077051506078,0.13172491383738816,8.613388054072857e-06
MI,9,1003,LightGBM,0.9476923076923077,0.9061386126145795,0.054947614332100735,0.08208069601096213,4.4541405513882635e-06
MI,9,1003,CatBoost,0.9558041958041958,0.9110701302841647,0.05435454190214244,0.33390303584747016,2.313584089279175e-06
MI,9,1003,RandomForest,0.9504428904428903,0.905421180632112,0.05574207211004616,0.46229852293618023,0.00025908523146063087
MI,10,50,XGBoost,0.8063079777365492,0.5009874747853127,0.14188311581659838,0.08568705897778273,7.123099194757967e-06
MI,10,50,LightGBM,0.7189703153988869,0.35226744591093645,0.15542082036822402,0.012458618031814694,3.1044701136559605e-06
MI,10,50,CatBoost,0.9365027829313544,0.8204126642037142,0.09452373128224624,0.2643097899854183,2.2350637932341413e-06
MI,10,50,RandomForest,0.935482374768089,0.8095680140768133,0.09586051389018987,0.3773059940431267,0.0002579385372049424
MI,10,100,XGBoost,0.9443877551020408,0.867127803235461,0.06964983067523892,0.09077202412299812,7.220896413601727e-06
MI,10,100,LightGBM,0.8017625231910945,0.516757058070876,0.13418401971316077,0.02266626083292067,3.4301278303818873e-06
MI,10,100,CatBoost,0.9453153988868275,0.8423352532006019,0.0892172419877844,0.2857868920546025,2.255079807691365e-06
MI,10,100,RandomForest,0.9396567717996289,0.8418730498408653,0.0810405239669917,0.3896065359003842,0.00025592221919283923
MI,10,200,XGBoost,0.95208719851577,0.9025315864274841,0.05756145474377382,0.10579339507967234,7.598098753339266e-06
MI,10,200,LightGBM,0.9448515769944341,0.8802323546499434,0.06623182560417687,0.04226544313132763,3.8458047382741334e-06
MI,10,200,CatBoost,0.9530148423005566,0.9023304844430542,0.06196115952824655,0.2648178208619356,2.241310333291373e-06
MI,10,200,RandomForest,0.9477272727272726,0.8888940863518747,0.06536635951358995,0.41409597895108163,0.00025615048969528114
MI,10,500,XGBoost,0.9371521335807049,0.8966190490325473,0.05774624728621956,0.11941292299889028,7.939043517903502e-06
MI,10,500,LightGBM,0.9306586270871986,0.872929975028644,0.06924418804874309,0.05997040285728872,4.180972334516951e-06
MI,10,500,CatBoost,0.9414192949907236,0.8916961919215508,0.06296594513297625,0.27522705309093,2.3198725870880946e-06
MI,10,500,RandomForest,0.9441558441558441,0.8824909380841707,0.06297640534346494,0.41413610405288637,0.00029691310406502975
MI,10,1002,XGBoost,0.9396567717996289,0.8990148578479494,0.05523994407221605,0.13119077892042696,8.3932107633566e-06
MI,10,1002,LightGBM,0.9401205936920223,0.9012232955592571,0.05392170826526693,0.0823038169182837,4.29128767900258e-06
MI,10,1002,CatBoost,0.9344619666048237,0.8895726238522307,0.06012436876243117,0.3350787360686809,2.3560912025521e-06
MI,10,1002,RandomForest,0.9432745825602968,0.8941736824606652,0.058076249365673564,0.4682084338273853,0.0002554668284269918
MI,11,50,XGBoost,0.8682745825602969,0.7627416244451102,0.10422906934460965,0.07247348199598491,7.219478094660903e-06
MI,11,50,LightGBM,0.7501391465677181,0.4351199378084151,0.14890962507871683,0.012581621995195746,3.196363081317024e-06
MI,11,50,CatBoost,0.9166048237476808,0.7352448339730993,0.09631922832802854,0.2374790869653225,2.507622209025094e-06
MI,11,50,RandomForest,0.9410482374768088,0.8499002793013268,0.06786361383971044,0.37954292516224086,0.00025505671255379557
MI,11,100,XGBoost,0.9134044526901669,0.823782405819837,0.08989861629345579,0.08403627504594624,7.224295184431798e-06
MI,11,100,LightGBM,0.7746289424860854,0.4495931655345732,0.14921991279601746,0.02020346117205918,3.3369315676836378e-06
MI,11,100,CatBoost,0.8894712430426714,0.7784341063969339,0.0896530574746832,0.2754626350942999,2.311904398924801e-06
MI,11,100,RandomForest,0.9514378478664194,0.8883347287078731,0.06297252198638292,0.3842781730927527,0.0002563715860455397
MI,11,200,XGBoost,0.9553339517625231,0.86979910647923,0.07171444299541826,0.10477458499372005,7.67375294312063e-06
MI,11,200,LightGBM,0.9380333951762523,0.8551328254600035,0.07477064106399593,0.03666241094470024,3.872999542975331e-06
MI,11,200,CatBoost,0.9249072356215212,0.8103090234323296,0.07758308089859131,0.3173020458780229,2.295848360633945e-06
MI,11,200,RandomForest,0.9448515769944341,0.8677422950600523,0.07070265501716619,0.4116874181199819,0.0002543181273715192
MI,11,500,XGBoost,0.9653525046382189,0.8895006656947512,0.06611100400901283,0.12408803612925112,8.369478734722175e-06
MI,11,500,LightGBM,0.962291280148423,0.8791854515898471,0.06980055676356867,0.06552447099238634,4.227924349892187e-06
MI,11,500,CatBoost,0.950417439703154,0.8867029281963135,0.06924169465576636,0.3001821259967983,2.2913262515191537e-06
MI,11,500,RandomForest,0.9568181818181818,0.8876894976395268,0.06352164741104276,0.4228273630142212,0.0002548362905775527
MI,11,1002,XGBoost,0.9570037105751392,0.8948523017505098,0.06480212253826938,0.13599401782266796,8.490673114222834e-06
MI,11,1002,LightGBM,0.9557977736549166,0.8923026840787548,0.067467071568811,0.08132518897764385,4.356597138353553e-06
MI,11,1002,CatBoost,0.9530148423005564,0.8981778808467032,0.06634122155111308,0.3526485660113394,2.4475852969989357e-06
MI,11,1002,RandomForest,0.9477736549165121,0.8358542991460682,0.06582893789548125,0.46256621996872127,0.00025645659334838866
MI,12,50,XGBoost,0.8896103896103896,0.6970917679606479,0.10412571133032819,0.07421562285162508,7.148968441730951e-06
MI,12,50,LightGBM,0.6745361781076067,0.3177723737086287,0.16380334737323538,0.007181345950812101,2.5174780878650238e-06
MI,12,50,CatBoost,0.9375231910946197,0.7971980832288469,0.09581880960771641,0.24457069719210267,2.272207237987879e-06
MI,12,50,RandomForest,0.9442022263450836,0.8340863454015984,0.08083132899885466,0.3822358709294349,0.0002553580918783448
MI,12,100,XGBoost,0.876808905380334,0.7384740175739375,0.10633412022378076,0.08379225409589708,7.222095816080789e-06
MI,12,100,LightGBM,0.6938311688311688,0.33481357707300563,0.16701117847195332,0.015873363008722663,3.186231701675639e-06
MI,12,100,CatBoost,0.8818645640074212,0.7398737771942956,0.10988625505228032,0.25864440598525107,2.212999611202464e-06
MI,12,100,RandomForest,0.8975417439703155,0.798989881503562,0.0870686100914251,0.38152099191211164,0.0002557689999322967
MI,12,200,XGBoost,0.8683209647495361,0.7351464605521376,0.09649175670535572,0.09319732012227178,7.427577671420526e-06
MI,12,200,LightGBM,0.8440166975881261,0.7417015486925291,0.10225146012583941,0.03505241894163191,3.864736374155933e-06
MI,12,200,CatBoost,0.8663729128014843,0.74372506515498,0.1078668112091461,0.25667614908888936,2.311103869659967e-06
MI,12,200,RandomForest,0.8453153988868275,0.7670850684277104,0.0966406406739772,0.4056993629783392,0.0002554815579799423
MI,12,500,XGBoost,0.9506957328385899,0.8350062875311385,0.07608696136546253,0.1207578491885215,8.21184867852e-06
MI,12,500,LightGBM,0.9500927643784787,0.8199191107881025,0.07904700453020012,0.06359963305294514,4.2543863410137564e-06
MI,12,500,CatBoost,0.9390074211502784,0.7985068569891668,0.08427100327627846,0.2762483439873904,2.5989010974586724e-06
MI,12,500,RandomForest,0.9451298701298702,0.8499431285826807,0.0791383334860119,0.4212735998444259,0.0002554437216089304
MI,12,1002,XGBoost,0.9559833024118738,0.8538203754414947,0.07289275385021939,0.13037649099715054,8.435450509131192e-06
MI,12,1002,LightGBM,0.9589517625231911,0.881194633283281,0.0710979770631684,0.08501448389142752,4.284673804543408e-06
MI,12,1002,CatBoost,0.9477272727272728,0.8653830593352853,0.07797045461474321,0.3104297718964517,2.3615381409566242e-06
MI,12,1002,RandomForest,0.9546846011131725,0.8740166519547441,0.07276494520811026,0.46280410210601985,0.00025710780488928236
MI,13,50,XGBoost,0.921485260770975,0.8131764402789836,0.08451240000590018,0.07411131705157459,7.160327397286892e-06
MI,13,50,LightGBM,0.5,0.216,0.16936,0.004078699043020606,2.582760527729988e-06
MI,13,50,CatBoost,0.9146825396825398,0.6812309088902383,0.09622346156676621,0.3059817859902978,2.432231791317463e-06
MI,13,50,RandomForest,0.9301776266061981,0.7632286530104937,0.07870244800000001,0.381680826889351,0.0002207753760740161
MI,13,100,XGBoost,0.9305083144368859,0.8299333483452023,0.08537215659668052,0.07990316580981016,7.171676494181157e-06
MI,13,100,LightGBM,0.7016250944822373,0.3235747943699566,0.15949820210132634,0.015796545892953873,3.1463764607906343e-06
MI,13,100,CatBoost,0.9332955404383976,0.8069130536022053,0.09808362409413934,0.26199743105098605,2.272975631058216e-06
MI,13,100,RandomForest,0.9342403628117913,0.8208877907050169,0.08058827482603174,0.3832208961248398,0.00026258367579430343
MI,13,200,XGBoost,0.9211073318216174,0.8150390552566247,0.08601179056906233,0.09467898099683225,7.379879243671894e-06
MI,13,200,LightGBM,0.9129818594104309,0.8041113701926051,0.08931146917135825,0.03557696589268744,3.888967446982861e-06
MI,13,200,CatBoost,0.9246031746031746,0.7848161981584978,0.08919813871400674,0.2567305639386177,2.0637717097997666e-06
MI,13,200,RandomForest,0.9259731670445956,0.8038226929179731,0.07923187446583145,0.4067480070516467,0.0003228034880012274
MI,13,500,XGBoost,0.9325396825396826,0.8473887495140635,0.07125254369062056,0.11840347782708704,8.190007880330085e-06
MI,13,500,LightGBM,0.9332955404383976,0.8601233957367338,0.06886730027336227,0.05815346888266504,4.347164183855057e-06
MI,13,500,CatBoost,0.9414210128495842,0.8315206318310665,0.07121075250730302,0.33992559695616364,2.1565193310379983e-06
MI,13,500,RandomForest,0.9421296296296295,0.864592502028919,0.06882312508853677,0.4136692329775542,0.00021882195118814706
MI,13,1003,XGBoost,0.9462396069538926,0.8922275228633229,0.05724521835245153,0.12976712291128933,8.700583130121231e-06
MI,13,1003,LightGBM,0.9458616780045349,0.8902767647744025,0.05738498091882629,0.07912760297767818,4.521983675658703e-06
MI,13,1003,CatBoost,0.9452947845804988,0.883593075425009,0.05866827297920457,0.386513011995703,2.3092925548553465e-06
MI,13,1003,RandomForest,0.9415627362055934,0.8822960916901699,0.05857373858716951,0.4647391140460968,0.0002609333284199238
MI,14,50,XGBoost,0.8256876456876456,0.5908014500138827,0.11673425645833711,0.07893560081720352,7.649979554116725e-06
MI,14,50,LightGBM,0.7010722610722611,0.3393860460975714,0.15851003778225733,0.007888474967330694,2.7649598196148873e-06
MI,14,50,CatBoost,0.9332400932400932,0.7865184196444417,0.10774325776108756,0.25533898593857884,2.309364266693592e-06
MI,14,50,RandomForest,0.9284848484848486,0.8062438492192503,0.09364972285170067,0.3846970081795007,0.00022417298424988986
MI,14,100,XGBoost,0.9006993006993007,0.7725325441160619,0.0987240531096828,0.07640736293978989,7.168135605752468e-06
MI,14,100,LightGBM,0.8072727272727273,0.5405454708710523,0.12592062613168328,0.01836492191068828,3.2410724088549612e-06
MI,14,100,CatBoost,0.9144055944055943,0.7503694328043496,0.11947171411119464,0.2917480249889195,2.431236207485199e-06
MI,14,100,RandomForest,0.9262470862470863,0.7903359438919194,0.09550197935908478,0.3816830008290708,0.0002633634526282549
MI,14,200,XGBoost,0.9279254079254079,0.834404815400684,0.07940945595339731,0.09729930688627064,7.468128576874733e-06
MI,14,200,LightGBM,0.9196270396270396,0.8294275553073989,0.08305535427042197,0.039037327049300075,3.8554640486836435e-06
MI,14,200,CatBoost,0.9414452214452215,0.8182841900324938,0.08434544340629935,0.3278225108515471,2.3258039727807046e-06
MI,14,200,RandomForest,0.946946386946387,0.8319685832166656,0.0729863995875735,0.4139701318927109,0.00026217013224959376
MI,14,500,XGBoost,0.9496503496503497,0.8749815654398747,0.0691770006304465,0.12107971892692149,8.371359668672085e-06
MI,14,500,LightGBM,0.9186946386946386,0.8492200738921556,0.07598897551245105,0.06657270598225296,4.2816447094082835e-06
MI,14,500,CatBoost,0.9105827505827505,0.849685557087533,0.07601862214281119,0.2701394180767238,2.3283008486032487e-06
MI,14,500,RandomForest,0.9317482517482517,0.869165042333852,0.06758829170991437,0.4212321639060974,0.00022017517592757941
MI,14,1003,XGBoost,0.9586946386946387,0.9078326906677828,0.05419524416328328,0.13049741997383535,8.680151775479317e-06
MI,14,1003,LightGBM,0.958974358974359,0.906885699386698,0.05392797446350887,0.08247668808326125,4.378859885036946e-06
MI,14,1003,CatBoost,0.9587878787878787,0.9083765950447245,0.05314029988863304,0.3081233149860054,2.3578722029924394e-06
MI,14,1003,RandomForest,0.9593939393939395,0.9094718119291425,0.05370684767464547,0.46475425199605525,0.0002588041517883539
MI,15,50,XGBoost,0.8696660482374767,0.8010274286337068,0.07798374598431276,0.07622930500656366,7.0823306418153865e-06
MI,15,50,LightGBM,0.7359461966604823,0.3551211607198187,0.14990150691087298,0.012337680906057358,3.069203228233345e-06
MI,15,50,CatBoost,0.9214749536178107,0.8150160521678915,0.08074464426994372,0.28915407485328615,2.0921512310248446e-06
MI,15,50,RandomForest,0.9251855287569573,0.8233369417654428,0.08097709312916776,0.3840561010874808,0.00025627864116572764
MI,15,100,XGBoost,0.9431354359925789,0.8606707165700014,0.06692697410505155,0.08121167402714491,7.223577212646188e-06
MI,15,100,LightGBM,0.7417439703153987,0.3820611127651818,0.15235634765281644,0.019288986921310425,3.2665935229970164e-06
MI,15,100,CatBoost,0.9307513914656772,0.7716080606329876,0.07943961505749172,0.26326535595580935,2.3042747891875378e-06
MI,15,100,RandomForest,0.9391001855287568,0.824981606791128,0.0708606494377115,0.38158670300617814,0.0002552601193408092
MI,15,200,XGBoost,0.9371985157699444,0.8585641078481133,0.07360188478008999,0.09613086306490004,7.4691115043671485e-06
MI,15,200,LightGBM,0.9346938775510204,0.8555978995077173,0.07082724941426768,0.03823586506769061,4.094206279076903e-06
MI,15,200,CatBoost,0.9300092764378479,0.8574719531208459,0.06883714677845319,0.3998933117836714,2.11154203490907e-06
MI,15,200,RandomForest,0.9381725417439704,0.8571912093965277,0.06678393791654073,0.415007681818679,0.0002548164341123812
MI,15,500,XGBoost,0.9536641929499072,0.9062196557101976,0.059125668220522724,0.12119969306513667,8.285219087246879e-06
MI,15,500,LightGBM,0.9519016697588126,0.8921494147845233,0.06496195034762395,0.06065342389047146,4.354044349782496e-06
MI,15,500,CatBoost,0.9516233766233766,0.9004699594684034,0.06245222221915368,0.29119218699634075,2.3189514682468664e-06
MI,15,500,RandomForest,0.9471706864564007,0.8964391636502401,0.0592973621247116,0.424683874938637,0.00025623085615466315
MI,15,1002,XGBoost,0.9408627087198516,0.8962261999498466,0.05789324233441029,0.13076684111729264,8.603247194235544e-06
MI,15,1002,LightGBM,0.9375231910946197,0.8898951325355228,0.059203795439349956,0.08507995097897947,4.592386864689717e-06
MI,15,1002,CatBoost,0.9301020408163266,0.8876880430934785,0.060392395030245766,0.401441345224157,2.3663107053454652e-06
MI,15,1002,RandomForest,0.9328849721706864,0.8927302585704866,0.05684617602975558,0.46810282301157713,0.0002554795932974592
MI,16,50,XGBoost,0.936456400742115,0.7972769353712642,0.08996544853248557,0.07179697509855032,6.966418085760804e-06
MI,16,50,LightGBM,0.6181818181818182,0.2838259830492389,0.1710026459151562,0.012469721958041191,3.104542467401797e-06
MI,16,50,CatBoost,0.9225417439703154,0.6991705643240083,0.1123084353855163,0.3965943600051105,2.3206248805223706e-06
MI,16,50,RandomForest,0.9303803339517626,0.7758595930546823,0.08593358108843537,0.38179240096360445,0.0002568742553462308
MI,16,100,XGBoost,0.9402597402597402,0.8121305812725009,0.07673785013627611,0.07929782196879387,7.221099560657345e-06
MI,16,100,LightGBM,0.7363636363636363,0.42955191178671964,0.15218772615698892,0.020234848838299513,3.309003949402813e-06
MI,16,100,CatBoost,0.9008348794063079,0.7104307963061163,0.1097045663271074,0.3074814488645643,2.0628488915731232e-06
MI,16,100,RandomForest,0.9371985157699443,0.7880856080349969,0.07953116077894738,0.3818653740454465,0.00025510745850276665
MI,16,200,XGBoost,0.9116419294990723,0.7958391509537436,0.08478651999865343,0.09866269514895976,7.637546386614264e-06
MI,16,200,LightGBM,0.9143320964749536,0.7655973455131665,0.08680211022895208,0.03938731015659869,3.881716314124396e-06
MI,16,200,CatBoost,0.8820964749536178,0.7223920931795758,0.11342442157672154,0.45324892387725413,2.33488877218558e-06
MI,16,200,RandomForest,0.9192486085343228,0.7957997289594229,0.0905751499130272,0.4129179210867733,0.00025527712339869295
MI,16,500,XGBoost,0.9374768089053803,0.8371773888147644,0.07770912763323883,0.1227236739359796,8.379733486776332e-06
MI,16,500,LightGBM,0.9387755102040816,0.8441774285142254,0.07737649785220042,0.06041398993693292,4.312537417587531e-06
MI,16,500,CatBoost,0.930705009276438,0.8151331903637797,0.08331572074830121,0.5030775170307606,2.4149083046324223e-06
MI,16,500,RandomForest,0.9312615955473099,0.8202131382556647,0.08017747378124909,0.4216969790868461,0.0002552191114639381
MI,16,1002,XGBoost,0.949165120593692,0.8655249115778199,0.06915850625924708,0.13015821110457182,8.535465648568483e-06
MI,16,1002,LightGBM,0.9480519480519479,0.856671719985263,0.06983517147280491,0.08165648207068443,4.466390237212181e-06
MI,16,1002,CatBoost,0.941187384044527,0.8488445194831239,0.06907876656648138,0.37433265009894967,2.3230598623534123e-06
MI,16,1002,RandomForest,0.9471706864564008,0.8551754486019099,0.0714931464011329,0.4645364200696349,0.00025419129867596457
MI,17,50,XGBoost,0.946799628942486,0.8677554657864706,0.066252564172503,0.06836640601977706,7.0137615534532595e-06
MI,17,50,LightGBM,0.7435528756957328,0.3692307707489558,0.15141805319690738,0.007947314996272326,2.7260470363604593e-06
MI,17,50,CatBoost,0.9562152133580705,0.8369542634489777,0.08413520508860159,0.3513199531007558,2.370601839040855e-06
MI,17,50,RandomForest,0.9625695732838591,0.8997931716973047,0.05585411952191236,0.38195367087610066,0.0002576100920137775
MI,17,100,XGBoost,0.9409090909090909,0.8509332576504391,0.07221040886237896,0.08408711990341544,8.015151310014535e-06
MI,17,100,LightGBM,0.8024118738404452,0.5529891119225661,0.13254231367160052,0.02199530485086143,4.180880500916466e-06
MI,17,100,CatBoost,0.9355287569573284,0.8537793098735186,0.07871982310988881,0.39192734216339886,2.608513941921561e-06
MI,17,100,RandomForest,0.9557513914656772,0.8890711184006849,0.06542648618717872,0.3919557190965861,0.0002969241556359002
MI,17,200,XGBoost,0.9128942486085344,0.8454030747913229,0.07518200030982898,0.1021886661183089,9.010597855683817e-06
MI,17,200,LightGBM,0.9181818181818182,0.8529017259786764,0.0750684939132667,0.039811565075069666,4.5563778895662126e-06
MI,17,200,CatBoost,0.8967532467532467,0.8518816233546673,0.07174702835857763,0.2887864541262388,2.56783629496734e-06
MI,17,200,RandomForest,0.9423469387755102,0.881997020960794,0.06684805849807138,0.40977420192211866,0.0002546832707536173
MI,17,500,XGBoost,0.9669758812615955,0.93120348389606,0.04634984646300578,0.12343647400848567,8.529737643689748e-06
MI,17,500,LightGBM,0.9492115027829315,0.9152829324483083,0.051871688206218285,0.06317956489510834,4.290350790755207e-06
MI,17,500,CatBoost,0.9471243042671614,0.9053004198618612,0.054767690493568624,0.33780720899812877,2.7446929677074175e-06
MI,17,500,RandomForest,0.9570964749536179,0.920144515619954,0.05005602599741511,0.41941846418194473,0.00025647676427407095
MI,17,1002,XGBoost,0.961595547309833,0.9218532828704873,0.046207560637764405,0.12948622298426926,8.506621549507061e-06
MI,17,1002,LightGBM,0.9620593692022265,0.9264935900585831,0.04683804638830135,0.08149385009892285,4.349987901955012e-06
MI,17,1002,CatBoost,0.9581632653061225,0.917629736800475,0.046549249776742685,0.46807651803828776,2.4161513048814113e-06
MI,17,1002,RandomForest,0.9544990723562152,0.9221200995365402,0.04825364268238832,0.46188681898638606,0.00025483292798359554
MI,18,50,XGBoost,0.8799130763416478,0.6173962352364495,0.11476009345780235,0.08053025812841952,7.206080481410027e-06
MI,18,50,LightGBM,0.6844765684051398,0.3108895840064225,0.15741234985116923,0.012331383069977164,3.110724501311779e-06
MI,18,50,CatBoost,0.9602702191987906,0.7568046030764943,0.06531201898855617,0.26527576008811593,2.4373438209295273e-06
MI,18,50,RandomForest,0.966317082388511,0.8375633668557387,0.05818702479591836,0.38284266414120793,0.00025959287956357004
MI,18,100,XGBoost,0.9475623582766439,0.8657222659986101,0.06814182535825189,0.09197792690247297,7.449591532349587e-06
MI,18,100,LightGBM,0.8411281179138322,0.5634962290509927,0.12951320822249832,0.025453160051256418,3.6021675914525984e-06
MI,18,100,CatBoost,0.9597978080120937,0.865697051358993,0.06979790702611742,0.5360473489854485,2.368692308664322e-06
MI,18,100,RandomForest,0.9676398337112623,0.9007753371717784,0.05763194014475816,0.38206006679683924,0.00026167917158454655
MI,18,200,XGBoost,0.9606009070294785,0.880679459374528,0.06789120061228542,0.09845084394328296,7.6086558401584625e-06
MI,18,200,LightGBM,0.9605064247921392,0.8824493969485323,0.07209789744959767,0.03840352804400027,3.92500776797533e-06
MI,18,200,CatBoost,0.9642384731670446,0.85569415942996,0.07195259653060598,0.2628012429922819,2.1656043827533724e-06
MI,18,200,RandomForest,0.9686791383219955,0.8996923480873574,0.059391213180361675,0.4094895510934293,0.00022107690013945102
MI,18,500,XGBoost,0.978505291005291,0.9233384443752952,0.05156473569453533,0.11790263489820063,8.113420568406581e-06
MI,18,500,LightGBM,0.9744897959183674,0.9081469017949549,0.056274786410956464,0.060428347904235125,4.2115123942494394e-06
MI,18,500,CatBoost,0.9744425547996977,0.9191039734005242,0.05528059639114564,0.8392703528515995,2.430080436170101e-06
MI,18,500,RandomForest,0.9720804988662132,0.9000523187042835,0.052534031568698056,0.42155589698813856,0.0002219980042427778
MI,18,1003,XGBoost,0.9795445956160242,0.9288170533717864,0.04854005955609123,0.13173730415292084,8.429144509136677e-06
MI,18,1003,LightGBM,0.9787887377173092,0.9277406377355932,0.04810225582680758,0.08304576994851232,4.399836063385009e-06
MI,18,1003,CatBoost,0.9799225245653818,0.927596016220551,0.05004486515140686,0.3973169040400535,2.436283975839615e-06
MI,18,1003,RandomForest,0.9788832199546486,0.924820901149147,0.049968751406842614,0.46891348087228835,0.00022058548033237457
MI,19,50,XGBoost,0.905920745920746,0.7153079498990285,0.09760191808795224,0.0753862380515784,7.071839645504951e-06
MI,19,50,LightGBM,0.5,0.22,0.1716,0.004145950078964233,2.5396039709448814e-06
MI,19,50,CatBoost,0.8988344988344987,0.6810345644021654,0.1035199942788456,0.24261368694715202,2.2842800244688986e-06
MI,19,50,RandomForest,0.9151981351981351,0.8095256733330962,0.089364,0.37866840115748346,0.00022014581970870495
MI,19,100,XGBoost,0.9234498834498834,0.8297537480384586,0.08342218959667891,0.0810374200809747,7.070587947964668e-06
MI,19,100,LightGBM,0.7208857808857809,0.3655496707144247,0.15727805593854607,0.01726052793674171,3.172660246491432e-06
MI,19,100,CatBoost,0.9170629370629371,0.7360918368950279,0.09435326445619768,0.24675335688516498,2.2921916097402575e-06
MI,19,100,RandomForest,0.9337529137529138,0.8369728899908001,0.07670598833078307,0.38468972383998334,0.00022412082832306624
MI,19,200,XGBoost,0.9172494172494172,0.8227806795942794,0.09079856132195904,0.09735415992327034,7.354624569416046e-06
MI,19,200,LightGBM,0.9101165501165502,0.8230283072024573,0.0961108093870557,0.03983217105269432,3.84064856916666e-06
MI,19,200,CatBoost,0.9224708624708625,0.8069732910502609,0.10494552652320718,0.24765364406630397,2.248123288154602e-06
MI,19,200,RandomForest,0.9295571095571097,0.8424811563442132,0.08474680067521355,0.412615334847942,0.000257233427837491
MI,19,500,XGBoost,0.9400000000000001,0.8614007266001423,0.07413415471374848,0.12106346501968801,8.036559447646142e-06
MI,19,500,LightGBM,0.9185081585081585,0.846270686673293,0.07644631269882476,0.05832903692498803,4.275163635611534e-06
MI,19,500,CatBoost,0.9380419580419581,0.8519583733277961,0.0823252801498296,0.3649974479340017,2.3616114631295204e-06
MI,19,500,RandomForest,0.9277855477855478,0.8570989195171254,0.07082285285055684,0.4153352330904454,0.0002579794721677899
MI,19,1003,XGBoost,0.952121212121212,0.8979496828261427,0.05818728482448327,0.1301138740964234,8.442112244665622e-06
MI,19,1003,LightGBM,0.937016317016317,0.8888708751630433,0.06002612078856848,0.08157613384537399,4.306796006858349e-06
MI,19,1003,CatBoost,0.9372960372960373,0.8919015281946384,0.06032793765641521,0.3036640950012952,2.322196029126644e-06
MI,19,1003,RandomForest,0.9315617715617716,0.8871217049717506,0.06057620155163755,0.4621997100766748,0.00022154385969042778
MI,20,50,XGBoost,0.9037569573283859,0.7531298752409664,0.09223078394140875,0.07405758020468056,7.127112044815523e-06
MI,20,50,LightGBM,0.714656771799629,0.33598499230655166,0.15754179623145695,0.012642048997804523,3.150757031136775e-06
MI,20,50,CatBoost,0.9043135435992579,0.5849631763193317,0.11451781652536266,0.28097654902376235,2.141429697612367e-06
MI,20,50,RandomForest,0.9178107606679036,0.7152798355760998,0.09090028685258963,0.38065064884722233,0.0002556203306092328
MI,20,100,XGBoost,0.9095547309833024,0.7263558058009756,0.09722768795290784,0.08538608904927969,7.2446618362726916e-06
MI,20,100,LightGBM,0.714656771799629,0.33598499230655166,0.15415461920699622,0.01822251407429576,3.2111557118921165e-06
MI,20,100,CatBoost,0.9151669758812615,0.6965606048275197,0.11623462213235956,0.3900123129133135,2.276170924602752e-06
MI,20,100,RandomForest,0.9247217068645641,0.7696567211082126,0.09067903845064189,0.383170863147825,0.0002545653703247765
MI,20,200,XGBoost,0.928061224489796,0.7560226806745772,0.08265828068171424,0.09888904495164752,7.5462628601200555e-06
MI,20,200,LightGBM,0.8956400742115028,0.6953376777859931,0.09766864106595904,0.0438404178712517,3.882255256769667e-06
MI,20,200,CatBoost,0.9157235621521336,0.740678290175216,0.09211647568818054,0.2570513170212507,2.2706970854465706e-06
MI,20,200,RandomForest,0.9179499072356214,0.7668149194988625,0.08566825008372267,0.41668829089030623,0.0002563429478763703
MI,20,500,XGBoost,0.9356679035250464,0.8331751859845175,0.08049967584328452,0.11927449400536716,8.260625306947298e-06
MI,20,500,LightGBM,0.8978664192949907,0.7825982356912444,0.09539285001262429,0.06215320993214846,4.383087885451032e-06
MI,20,500,CatBoost,0.917207792207792,0.8001560465865637,0.08880659636571214,0.34118858305737376,2.3879917835690585e-06
MI,20,500,RandomForest,0.9233302411873838,0.8129281989343345,0.07965100914388491,0.4153055550996214,0.00025766685259977424
MI,20,1002,XGBoost,0.9570037105751391,0.8806912697170891,0.06714264653464588,0.13142958586104214,8.52357366111174e-06
MI,20,1002,LightGBM,0.9555194805194804,0.8764093104419928,0.06975737577033378,0.08599882712587714,4.6094938875194565e-06
MI,20,1002,CatBoost,0.9575602968460111,0.8806650941038873,0.06941964943746005,0.3044937530066818,2.2989085530379853e-06
MI,20,1002,RandomForest,0.9493970315398887,0.8727848144044457,0.06853426023767159,0.4619002740364522,0.0002550385536188148
MI,21,50,XGBoost,0.6214749536178108,0.40496547138953876,0.1804248009329833,0.08164383401162922,7.126394073029913e-06
MI,21,50,LightGBM,0.4284786641929499,0.19980719636832028,0.17329406466846287,0.0073494380339980125,2.649083058257027e-06
MI,21,50,CatBoost,0.9152597402597403,0.7896887917101204,0.09167594901286172,0.24374013883061707,2.328203471592698e-06
MI,21,50,RandomForest,0.9475417439703154,0.8732378338660128,0.07020683351690742,0.3784186318516731,0.00025634290427860036
MI,21,100,XGBoost,0.9600649350649351,0.8892556418875834,0.06446012757953164,0.09127230197191238,7.249768341026933e-06
MI,21,100,LightGBM,0.858812615955473,0.5861929582150359,0.1206481675539679,0.024455148028209805,3.4576575030606108e-06
MI,21,100,CatBoost,0.9539424860853432,0.8706548826121182,0.0659602428199561,0.29186282702721655,2.173206906216553e-06
MI,21,100,RandomForest,0.9588589981447124,0.9092869298269617,0.057601223751432055,0.38080934598110616,0.0002960878446609138
MI,21,200,XGBoost,0.9673469387755103,0.9293639195217522,0.047451319726614954,0.10438257898204029,7.666044486352647e-06
MI,21,200,LightGBM,0.9681818181818181,0.9335532977068854,0.047258189137625285,0.0410749870352447,3.8638134000904535e-06
MI,21,200,CatBoost,0.9572820037105751,0.9119654493528228,0.05110304199025717,0.4180604449938983,2.3146334337998196e-06
MI,21,200,RandomForest,0.9554267161410019,0.9198113823492271,0.0518486903104457,0.40566156688146293,0.00025624825537531263
MI,21,500,XGBoost,0.9624768089053803,0.9218344338142672,0.05127221994872341,0.12172482209280133,8.081326231479169e-06
MI,21,500,LightGBM,0.9489795918367345,0.8867120183875503,0.05924288883108192,0.06210562982596457,4.1635332265460636e-06
MI,21,500,CatBoost,0.9544990723562152,0.8977256910414229,0.05846263466494311,0.3287616989109665,2.3234466766100005e-06
MI,21,500,RandomForest,0.9559833024118738,0.9104037262081706,0.054337571724516864,0.4187452010810375,0.0002957186049436668
MI,21,1002,XGBoost,0.963682745825603,0.9284508445873563,0.04565637543551449,0.12879943917505443,8.353039592623235e-06
MI,21,1002,LightGBM,0.962291280148423,0.9205786475826023,0.04567972763683876,0.08063310477882624,4.269215148461768e-06
MI,21,1002,CatBoost,0.9633116883116883,0.9285317487106893,0.04370186507072857,0.3954173468519002,2.2404541472989723e-06
MI,21,1002,RandomForest,0.963126159554731,0.9335644537388041,0.04256283966398106,0.4599766570609063,0.00025442408757707277
MI,22,50,XGBoost,0.9305194805194805,0.8601123375695582,0.08002538531155712,0.08064615400508046,7.145493606706539e-06
MI,22,50,LightGBM,0.6133116883116883,0.27125269184010964,0.16586211616790916,0.01200150209479034,3.1075785418905587e-06
MI,22,50,CatBoost,0.953756957328386,0.8506270483017151,0.08684573706498219,0.16208206512965262,2.2366091950362423e-06
MI,22,50,RandomForest,0.962012987012987,0.8890548054993801,0.0769002163778255,0.3859241269528866,0.00025541003908501915
MI,22,100,XGBoost,0.9562152133580705,0.8856616124931195,0.06742167694238138,0.08218610705807805,7.191561607725591e-06
MI,22,100,LightGBM,0.7598330241187383,0.3873237318297013,0.14860366487404894,0.02167330402880907,3.253964083900015e-06
MI,22,100,CatBoost,0.9489332096474954,0.7925785274148103,0.07778948263006502,0.34966997685842216,2.236446862914173e-06
MI,22,100,RandomForest,0.9684137291280148,0.8922274345226635,0.06451255515426291,0.3836581001523882,0.00029567139041405987
MI,22,200,XGBoost,0.9429499072356216,0.8826598729898354,0.06537187238103347,0.09579562209546566,7.494469637058646e-06
MI,22,200,LightGBM,0.9529684601113172,0.8474047350402177,0.07249765202204608,0.03642775397747755,3.9437049220638924e-06
MI,22,200,CatBoost,0.9507884972170686,0.8514664455049227,0.07643389852082155,0.2564186919480562,2.2158009998233194e-06
MI,22,200,RandomForest,0.9594619666048239,0.8911480124765095,0.0688262226452337,0.40685482509434223,0.0002567933351024095
MI,22,500,XGBoost,0.9724953617810761,0.9069169663675851,0.060799413740045195,0.12310507008805871,8.328606289221472e-06
MI,22,500,LightGBM,0.9696660482374767,0.9027533507137954,0.06593037981119595,0.061222623102366924,4.3273105683079755e-06
MI,22,500,CatBoost,0.9647031539888683,0.8732395349997281,0.06872528663634019,0.44432903500273824,2.4107368329013013e-06
MI,22,500,RandomForest,0.9692022263450835,0.8925294253139644,0.062043895654692406,0.41736196097917855,0.0002552109800160406
MI,22,1002,XGBoost,0.9814935064935064,0.9408992267283185,0.043989676039158314,0.13319724006578326,8.657012520677065e-06
MI,22,1002,LightGBM,0.9841836734693877,0.9485563751042453,0.043147777362552715,0.08081950200721622,4.413123038482381e-06
MI,22,1002,CatBoost,0.9815862708719852,0.939210543154334,0.04477636489631947,0.3583657178096473,2.29847814101147e-06
MI,22,1002,RandomForest,0.9834415584415584,0.9462985093352794,0.044367326127613814,0.4644068500492722,0.00025577231521803546
MI,23,50,XGBoost,0.8900699168556312,0.6971735232675395,0.11474983791469154,0.08009510091505945,7.2473799809813496e-06
MI,23,50,LightGBM,0.6404950869236584,0.310204910117627,0.15507615842037595,0.007823222083970904,2.6603639125823973e-06
MI,23,50,CatBoost,0.9112339380196522,0.6854316411237181,0.10427277450431097,1.9227517449762672,2.4791434407234192e-06
MI,23,50,RandomForest,0.9135959939531368,0.749249463381442,0.09384946378698412,0.38350260094739497,0.00025815315172076226
MI,23,100,XGBoost,0.9201625094482236,0.8390382290567164,0.07483517412882523,0.08326396602205932,7.153728045523166e-06
MI,23,100,LightGBM,0.7072467876039304,0.33172223178807225,0.15928417544183515,0.017192267114296556,3.2406523823738096e-06
MI,23,100,CatBoost,0.9356575963718821,0.8197719066671827,0.08243654520949648,0.6040175189264119,2.4343235418200493e-06
MI,23,100,RandomForest,0.9295162509448225,0.8314131738853252,0.07303271804988962,0.3921006191521883,0.00022236714884638786
MI,23,200,XGBoost,0.9345238095238095,0.8671636130757753,0.06718284428806792,0.09691283386200666,7.392575964331627e-06
MI,23,200,LightGBM,0.9292328042328042,0.8531453905186327,0.07305162420793058,0.03874394902959466,3.96980345249176e-06
MI,23,200,CatBoost,0.9270597127739986,0.885536995618019,0.06747058759926446,0.31298306700773537,2.43191234767437e-06
MI,23,200,RandomForest,0.9316421012849584,0.8415436832382983,0.06722216116985126,0.41279506613500416,0.00026158543210476635
MI,23,500,XGBoost,0.9382086167800454,0.8629440630403936,0.0695605617034474,0.11779376701451838,8.110083639621735e-06
MI,23,500,LightGBM,0.9354686318972032,0.862166545806145,0.06982331235633137,0.05414861207827926,4.125304520130157e-06
MI,23,500,CatBoost,0.9136432350718066,0.861576822775766,0.06829125495491561,0.40234457794576883,2.3151757195591925e-06
MI,23,500,RandomForest,0.9263510959939533,0.8550316947982666,0.06722296808973466,0.41161141102202237,0.00021809339616447686
MI,23,1003,XGBoost,0.9248866213151928,0.8856296740610088,0.05732178246776501,0.13114759814925492,8.487812243402003e-06
MI,23,1003,LightGBM,0.9169501133786849,0.8842259759815736,0.05639229407964703,0.08039840799756348,4.344824701547623e-06
MI,23,1003,CatBoost,0.9169501133786848,0.8829109390745605,0.058370454715690016,0.30389447091147304,2.2805314511060717e-06
MI,23,1003,RandomForest,0.9076908541194255,0.8737547219242099,0.05881355255874351,0.4653828078880906,0.00022148881200701
MI,24,50,XGBoost,0.8009790209790211,0.6488065407404517,0.12118810542335685,0.07662531407549977,7.234208285808563e-06
MI,24,50,LightGBM,0.6524475524475524,0.29531641039992645,0.1650632688065499,0.012383847031742334,3.145660273730755e-06
MI,24,50,CatBoost,0.8397668997668998,0.5398374619614248,0.14512630302609625,0.6271640751510859,2.3749638348817825e-06
MI,24,50,RandomForest,0.8658741258741258,0.6436292792835422,0.12349855191337869,0.38340692198835313,0.0002623436078429222
MI,24,100,XGBoost,0.8966899766899767,0.6700730631740297,0.11432671093296089,0.08933122898451984,7.4195042252540585e-06
MI,24,100,LightGBM,0.7854545454545454,0.46546789992047294,0.1423681331377777,0.0208011360373348,3.3402200788259507e-06
MI,24,100,CatBoost,0.8756643356643357,0.5402863258117108,0.13583109310295757,0.5054690910037607,2.3274682462215423e-06
MI,24,100,RandomForest,0.9102564102564102,0.7163043437633688,0.10060728626535159,0.3863022420555353,0.0002245593685656786
MI,24,200,XGBoost,0.9209790209790211,0.7018828476141231,0.09404286757895179,0.10439816094003618,7.836672477424145e-06
MI,24,200,LightGBM,0.926060606060606,0.7555753497137723,0.0913946106118326,0.03945895005017519,3.940491937100887e-06
MI,24,200,CatBoost,0.9191142191142191,0.6975959432889978,0.10726198075761834,0.26589928404428065,2.1082395687699317e-06
MI,24,200,RandomForest,0.933939393939394,0.7204073620247361,0.08953578510289005,0.41181292198598385,0.0002602615598589182
MI,24,500,XGBoost,0.9476456876456876,0.7811911223359131,0.08188312406147906,0.1193397471215576,8.28207191079855e-06
MI,24,500,LightGBM,0.9344522144522145,0.7771333267650228,0.08623666486166359,0.06345242215320468,4.323875531554222e-06
MI,24,500,CatBoost,0.9486713286713286,0.8018799304978825,0.0840422109923825,0.39636699110269547,2.346831373870373e-06
MI,24,500,RandomForest,0.9474592074592075,0.7916624108537936,0.08211787097813059,0.40988896996714175,0.0002622050754725933
MI,24,1003,XGBoost,0.9471794871794872,0.8468476885180416,0.07710714358516114,0.12880557891912758,8.610963821411132e-06
MI,24,1003,LightGBM,0.9449417249417249,0.849194166693159,0.07593740664753296,0.08645357401110232,4.4868281111121175e-06
MI,24,1003,CatBoost,0.9345920745920746,0.8431118447530005,0.07479619573424307,0.3385895930696279,2.2454597055912017e-06
MI,24,1003,RandomForest,0.9406526806526807,0.8385101603864844,0.0765628548989194,0.4679212220944464,0.00025811521150171757
MI,25,50,XGBoost,0.9355751391465678,0.8604793667852828,0.07752740740684777,0.0791005848441273,7.307027982347515e-06
MI,25,50,LightGBM,0.6524118738404452,0.3162352006005439,0.1616145098821059,0.01236267201602459,3.224549503381034e-06
MI,25,50,CatBoost,0.9186456400742116,0.8145719204170865,0.08691043110635804,0.3441689810715616,2.396992404028714e-06
MI,25,50,RandomForest,0.9358070500927643,0.8673189942767714,0.07634738957082694,0.37821536394767463,0.00025572420739795106
MI,25,100,XGBoost,0.9501391465677179,0.8218652709001516,0.06537345585760912,0.08443943201564252,7.2609043246008964e-06
MI,25,100,LightGBM,0.7375231910946197,0.34426903530844244,0.1725671373919956,0.018293539993464947,3.283875864518591e-06
MI,25,100,CatBoost,0.9327458256029685,0.820128980061709,0.07915397187341093,0.35854597319848835,2.3525022712361763e-06
MI,25,100,RandomForest,0.9461038961038961,0.8643197241962971,0.07123727951329388,0.3827138498891145,0.00025536720659509595
MI,25,200,XGBoost,0.9493506493506493,0.8878006916995752,0.06488767233310216,0.10146883316338062,7.691326554849803e-06
MI,25,200,LightGBM,0.934925788497217,0.8831462970283919,0.06338497695571782,0.03835762618109584,3.936271038485238e-06
MI,25,200,CatBoost,0.9493506493506493,0.8866530115933554,0.06527702266373697,0.3329372920561582,2.1220314728311333e-06
MI,25,200,RandomForest,0.950974025974026,0.8876892314169036,0.06325511769505629,0.41347731510177255,0.00025538056606493623
MI,25,500,XGBoost,0.9402597402597402,0.8675512598754921,0.06977131505212734,0.12219050200656056,8.272044212219724e-06
MI,25,500,LightGBM,0.9337662337662337,0.865216403284357,0.06991109127868873,0.06019037892110646,4.28183252860113e-06
MI,25,500,CatBoost,0.9316326530612246,0.8477869465852945,0.07872391510232007,0.3409751739818603,2.3492509907341573e-06
MI,25,500,RandomForest,0.9284786641929499,0.8434679203362844,0.07290978098183601,0.41517994715832174,0.0002565715105766319
MI,25,1002,XGBoost,0.9412801484230054,0.8761207680704441,0.0644312950265255,0.13248057197779417,8.628071949954527e-06
MI,25,1002,LightGBM,0.9318181818181817,0.8697261212341612,0.06642202129156258,0.08116353605873883,4.508347061288309e-06
MI,25,1002,CatBoost,0.9381261595547309,0.8671021787958831,0.06764330339119484,0.3661750799510628,2.3611318468453874e-06
MI,25,1002,RandomForest,0.9240723562152133,0.856537412872719,0.0667037851174665,0.46821497892960906,0.0002560604380376904
MI,26,50,XGBoost,0.9136827458256029,0.7652637184859923,0.0906037889174045,0.07428840012289584,7.186120234993825e-06
MI,26,50,LightGBM,0.6809833024118739,0.3348336193589452,0.1589159736336913,0.012233431916683912,3.14456614780711e-06
MI,26,50,CatBoost,0.92639146567718,0.6621153771139064,0.09579012469368207,0.2403338709846139,2.3043582742788877e-06
MI,26,50,RandomForest,0.9388682745825603,0.8104766287748927,0.07799877951089068,0.3805193481966853,0.0002563682995157769
MI,26,100,XGBoost,0.9335807050092765,0.8201644918619557,0.08625657960773209,0.08389940694905818,7.307800683248566e-06
MI,26,100,LightGBM,0.8039888682745826,0.491422307389209,0.13637461035207687,0.018748814007267356,3.234824662901966e-06
MI,26,100,CatBoost,0.9072820037105751,0.6837641173839073,0.1190990846198982,0.2698397699277848,2.286692828949229e-06
MI,26,100,RandomForest,0.9319573283858997,0.7895607261661779,0.09112509931791742,0.3808748358860612,0.000257516040492699
MI,26,200,XGBoost,0.941883116883117,0.8536086415735588,0.07794211562111661,0.1026754779741168,7.653712810748126e-06
MI,26,200,LightGBM,0.9278293135435991,0.8296824642332002,0.08335616959016195,0.040625426918268204,3.964764500162991e-06
MI,26,200,CatBoost,0.925278293135436,0.789199086702373,0.10374020342793797,0.2565007808152586,2.2551595823342106e-06
MI,26,200,RandomForest,0.9386827458256031,0.820893391028118,0.08630042530249067,0.4073372199200094,0.0002555711792255065
MI,26,500,XGBoost,0.9367810760667903,0.8413272034689441,0.08826603311916098,0.12059598695486784,8.281274880486656e-06
MI,26,500,LightGBM,0.9142393320964749,0.8116613000621811,0.0908206895240843,0.05804491904564202,4.284885300108161e-06
MI,26,500,CatBoost,0.9029220779220779,0.7819522930322088,0.09373361426590653,0.35254994104616344,2.2479724435811023e-06
MI,26,500,RandomForest,0.9125231910946197,0.7774297654530026,0.09080332647581386,0.41329896193929017,0.00025539477708270823
MI,26,1002,XGBoost,0.948469387755102,0.8759522325998756,0.07109424351372265,0.13167666387744248,8.480119671064069e-06
MI,26,1002,LightGBM,0.9407699443413728,0.866489787179795,0.07111453527073161,0.08244625804945827,4.482027922434161e-06
MI,26,1002,CatBoost,0.9224025974025974,0.8400051757910447,0.07347232567109137,0.3079580410849303,2.319581316880496e-06
MI,26,1002,RandomForest,0.9316326530612244,0.849710600217243,0.07294220805402274,0.4720550070051104,0.0002955074943379458
MI,27,50,XGBoost,0.9163729128014841,0.8137376987013857,0.08035272804983001,0.07999392179772258,7.079716630844006e-06
MI,27,50,LightGBM,0.5664192949907235,0.24678498128697332,0.16961044703100395,0.011885769898071885,3.117657975252881e-06
MI,27,50,CatBoost,0.8692486085343227,0.6267142052097143,0.09720139480724384,0.24695079401135445,2.204593590115646e-06
MI,27,50,RandomForest,0.9434137291280149,0.8360259099565848,0.07472513147410359,0.3829240270424634,0.00025689583253189627
MI,27,100,XGBoost,0.9112708719851577,0.8368322148235237,0.07448981901451496,0.08691192488186061,7.2705375765305595e-06
MI,27,100,LightGBM,0.77291280148423,0.5086615009211192,0.14932421981553862,0.02278162003494799,3.4563226692111367e-06
MI,27,100,CatBoost,0.9397495361781076,0.7959042872244717,0.08861424147851579,0.28177099814638495,2.2626491226404313e-06
MI,27,100,RandomForest,0.958070500927644,0.8838451356097328,0.0727900550367081,0.38110165507532656,0.0002555175734483507
MI,27,200,XGBoost,0.9166512059369203,0.8267878524119469,0.08647854596692182,0.1015001330524683,7.539855843165007e-06
MI,27,200,LightGBM,0.9047773654916511,0.8126095674874437,0.09284670105153271,0.037932854145765305,3.962597598236396e-06
MI,27,200,CatBoost,0.9460575139146568,0.8439468294623137,0.08471453719982111,0.3021336030215025,2.4631561941478357e-06
MI,27,200,RandomForest,0.9520408163265306,0.8542557584960002,0.07086530858261951,0.40555682010017335,0.00025589521547623605
MI,27,500,XGBoost,0.9346474953617809,0.8644648182757736,0.06598446630186873,0.12709757802076638,8.124214378129913e-06
MI,27,500,LightGBM,0.9147959183673469,0.8410399269058675,0.07492551826786933,0.05799467698670924,4.171864111050667e-06
MI,27,500,CatBoost,0.9383580705009276,0.8790809111457696,0.06436637312848012,0.2750627459026873,2.2345665931345457e-06
MI,27,500,RandomForest,0.9454545454545454,0.8440520654543868,0.060786672584229304,0.42089093709364533,0.00025848141385323973
MI,27,1002,XGBoost,0.9685992578849721,0.9313501108638541,0.051510702037861435,0.12974664708599448,8.43702744974558e-06
MI,27,1002,LightGBM,0.9661873840445268,0.9235380566316256,0.05477581911735455,0.08047323091886938,4.335086740761164e-06
MI,27,1002,CatBoost,0.9665584415584415,0.9285827521833115,0.05548839127251155,0.38597193895839155,2.2998686315885105e-06
MI,27,1002,RandomForest,0.9669758812615956,0.9243883846948713,0.052912945317911346,0.46258180984295905,0.00025776509600005065
MI,28,50,XGBoost,0.80640589569161,0.45370691644312444,0.16682526542199144,0.07289049192331731,7.098027504980564e-06
MI,28,50,LightGBM,0.7332766439909297,0.35778442701048063,0.15066207198412326,0.012324901996180415,3.112596459686756e-06
MI,28,50,CatBoost,0.8843537414965986,0.5687427099203718,0.16579043181775963,0.25584817095659673,2.3321397602558136e-06
MI,28,50,RandomForest,0.9001795162509448,0.6203014008226753,0.121866587503246,0.3851606920361519,0.00021659200452268124
MI,28,100,XGBoost,0.8965419501133788,0.6922148118277118,0.10754845467454795,0.08486291882582009,7.259235717356205e-06
MI,28,100,LightGBM,0.8054610733182163,0.4577161784226752,0.14015228636087335,0.01930462894961238,3.2343119382858275e-06
MI,28,100,CatBoost,0.9138321995464853,0.6320572964073301,0.11211407988118935,0.25185421109199524,2.194616012275219e-06
MI,28,100,RandomForest,0.9050453514739228,0.6756293958776242,0.10119684772741219,0.3900881870649755,0.00026086606830358507
MI,28,200,XGBoost,0.8921012849584278,0.784785682550232,0.10233537425989186,0.09959277487359941,7.5810039415955545e-06
MI,28,200,LightGBM,0.8589852607709749,0.7643979435782597,0.10581759675340308,0.03970592608675361,3.904103301465511e-06
MI,28,200,CatBoost,0.8894557823129252,0.7799826867361408,0.10711547535371833,0.32841986301355064,2.2932440042495726e-06
MI,28,200,RandomForest,0.900132275132275,0.7746056031760304,0.09681676365855708,0.40675458195619285,0.0002603427283465862
MI,28,500,XGBoost,0.904572940287226,0.8141848817726671,0.08534517782307045,0.12196136801503599,8.338295854628086e-06
MI,28,500,LightGBM,0.9048563869992441,0.8103379576949762,0.08664891153023854,0.06676689791493118,4.437856376171112e-06
MI,28,500,CatBoost,0.8936130007558579,0.8033432228196791,0.08512532097376474,0.28131672483868897,2.1668914705514906e-06
MI,28,500,RandomForest,0.8877078609221466,0.8021452431618774,0.08624738706726305,0.44745488185435534,0.00026130675990134475
MI,28,1003,XGBoost,0.9152494331065759,0.8353183820091181,0.0729374412947904,0.12957819690927863,8.544796146452428e-06
MI,28,1003,LightGBM,0.9184618291761149,0.8510335232685635,0.07190150116146066,0.08490440296009183,4.453351721167564e-06
MI,28,1003,CatBoost,0.9168556311413454,0.8425089309022153,0.07110539270102416,0.30929036205634475,2.5390200316905975e-06
MI,28,1003,RandomForest,0.9165721844293273,0.8370388819181646,0.07223867334490296,0.46917549800127745,0.00022441413626074792
MI,29,50,XGBoost,0.9257808857808858,0.8259152592676888,0.07243372363726443,0.07426217291504145,7.433788850903511e-06
MI,29,50,LightGBM,0.6710955710955712,0.3156843910806175,0.15772911052946606,0.007398206973448396,2.657192759215832e-06
MI,29,50,CatBoost,0.932027972027972,0.8080838379971084,0.0915103636028721,0.17598497308790684,2.1679233759641647e-06
MI,29,50,RandomForest,0.940932400932401,0.8196172540859388,0.07952270359156463,0.37867633905261755,0.00021896698419004678
MI,29,100,XGBoost,0.9396270396270398,0.8259174376863063,0.0838030754291434,0.0881433798931539,7.1769282221794125e-06
MI,29,100,LightGBM,0.8298368298368299,0.5129881552592683,0.1341894786463126,0.022519784048199654,3.2782042399048807e-06
MI,29,100,CatBoost,0.9437762237762238,0.822383814647728,0.08712744504881548,0.3122017050627619,2.3265797644853594e-06
MI,29,100,RandomForest,0.947972027972028,0.836751295984599,0.0800156174726331,0.38810184807516634,0.00026142110023647544
MI,29,200,XGBoost,0.9342191142191143,0.8250539838165126,0.08226806714474225,0.10006670304574072,7.4220160022377965e-06
MI,29,200,LightGBM,0.9361771561771564,0.8351144667359097,0.0796691170214203,0.03649264108389616,3.8783000782132146e-06
MI,29,200,CatBoost,0.9311888111888111,0.796150300376263,0.09610562584405648,0.31720683979801834,2.1587638184428214e-06
MI,29,200,RandomForest,0.9459207459207459,0.8375484887898987,0.07997218101228735,0.40866610198281705,0.0002592766797170043
MI,29,500,XGBoost,0.9635431235431235,0.8778682479140454,0.062124003974783966,0.12086168001405895,8.040079846978187e-06
MI,29,500,LightGBM,0.9394871794871794,0.8500457206764049,0.06570823188278298,0.05974388914182782,4.247668199241162e-06
MI,29,500,CatBoost,0.9646620046620046,0.8547341129668868,0.06204418150186768,0.33093730406835675,2.456619404256344e-06
MI,29,500,RandomForest,0.9614452214452215,0.8875535894295472,0.05903175912114234,0.41691035008989275,0.0002206730879843235
MI,29,1003,XGBoost,0.9742657342657343,0.9211698982174977,0.050511000908757764,0.13056230382062495,8.508743718266487e-06
MI,29,1003,LightGBM,0.9764102564102564,0.9248492600317515,0.0496297514678093,0.08211842086166143,4.506840370595455e-06
MI,29,1003,CatBoost,0.9722144522144522,0.9203337051333977,0.04996736994103289,0.37612677179276943,2.377728000283241e-06
MI,29,1003,RandomForest,0.9758508158508159,0.9221243557344199,0.051372643393325375,0.4648410230875015,0.00022181647270917893
MI,30,50,XGBoost,0.9200371057513914,0.8350133545111345,0.07632548477010223,0.07313154800795019,6.9985663392154345e-06
MI,30,50,LightGBM,0.5456864564007421,0.23711114289975316,0.17082778900503295,0.007177344989031553,2.5823589904137342e-06
MI,30,50,CatBoost,0.9270408163265307,0.7074319456815873,0.11327386242777439,0.30105711007490754,2.3736212165113465e-06
MI,30,50,RandomForest,0.9448515769944341,0.8108658252326505,0.08929819920318725,0.381806526100263,0.00025627681284222706
MI,30,100,XGBoost,0.9466141001855286,0.8307176679528474,0.08606752538987857,0.08596003986895084,7.1296453535319324e-06
MI,30,100,LightGBM,0.7781539888682745,0.4251410697344652,0.1441540376579985,0.022723457077518106,3.3456093791234064e-06
MI,30,100,CatBoost,0.9326066790352505,0.7165246338368767,0.10801179217752423,0.28816748899407685,2.2769640329705765e-06
MI,30,100,RandomForest,0.9532003710575138,0.8397513665924289,0.08496914588141763,0.3807932501658797,0.0002537600675679417
MI,30,200,XGBoost,0.9528293135435992,0.8461947724535122,0.08198157232366086,0.10173216904513538,7.413585570110268e-06
MI,30,200,LightGBM,0.9524582560296846,0.8539019051132587,0.08440751013003463,0.04086163407191634,3.924844712315802e-06
MI,30,200,CatBoost,0.9438311688311688,0.8161050049505129,0.08882236981511488,0.35127274109981954,2.2605972446174736e-06
MI,30,200,RandomForest,0.9517161410018553,0.8480472278011069,0.08667737336562832,0.4138449779711664,0.00025625989226943466
MI,30,500,XGBoost,0.9728664192949907,0.9114116356322619,0.06240230672628307,0.12177758710458875,8.190135133871994e-06
MI,30,500,LightGBM,0.9734693877551021,0.9129844182847763,0.05976462821124297,0.06551147508434951,4.305780690860938e-06
MI,30,500,CatBoost,0.9671150278293136,0.9010931177733377,0.06689106244121905,0.29763876809738576,2.2379162005219325e-06
MI,30,500,RandomForest,0.9664656771799629,0.8742906533170719,0.06509018358316208,0.41415504389442503,0.00025443704724608664
MI,30,1002,XGBoost,0.9607142857142857,0.883335756714666,0.06566726109365287,0.12931705103255808,8.421968594490295e-06
MI,30,1002,LightGBM,0.9603432282003711,0.880393427321525,0.0653088939800825,0.08119925786741078,4.488856075294465e-06
MI,30,1002,CatBoost,0.9577458256029685,0.87908264561722,0.06921001718772576,0.3419054748956114,2.380469776838424e-06
MI,30,1002,RandomForest,0.9631261595547309,0.8833917302150216,0.06859323737385514,0.46435751486569643,0.0002560203828184728
MI,31,50,XGBoost,0.9070964749536178,0.7979087715690926,0.08606769978098455,0.07139314594678581,7.04805166330708e-06
MI,31,50,LightGBM,0.563543599257885,0.2457054897293941,0.17048493778353843,0.007253977935761213,2.588314260263367e-06
MI,31,50,CatBoost,0.9077458256029685,0.6522466986901759,0.12194565714588257,0.9127621180377901,2.333708849561167e-06
MI,31,50,RandomForest,0.9195269016697589,0.7564954390434095,0.09759569721115538,0.3819328679237515,0.0002546840796313913
MI,31,100,XGBoost,0.9070500927643783,0.8015568305836119,0.08689719180122428,0.07871185499243438,7.124342195006955e-06
MI,31,100,LightGBM,0.7800556586270873,0.5080518974887154,0.13720371523784003,0.02199573488906026,3.2243547048345507e-06
MI,31,100,CatBoost,0.9308441558441558,0.7693422325612772,0.10880887439883187,0.2634857390075922,2.348622069712654e-06
MI,31,100,RandomForest,0.9263450834879405,0.8051346100691595,0.08263359196258052,0.38848456484265625,0.00025527015981446227
MI,31,200,XGBoost,0.9364100185528758,0.8332511149108842,0.08127685647484084,0.09570481604896486,7.500227325525417e-06
MI,31,200,LightGBM,0.9142857142857144,0.8170777977487829,0.08319482573947073,0.039516392862424254,3.9153988380356135e-06
MI,31,200,CatBoost,0.9174860853432282,0.8188803885160443,0.0868124732999985,0.3773565050214529,2.272872335882301e-06
MI,31,200,RandomForest,0.9316790352504638,0.8345495254415142,0.07612321764659007,0.40822863508947194,0.00025632223522520635
MI,31,500,XGBoost,0.9320500927643784,0.8729672270615175,0.06377639521690588,0.11833904590457678,8.050880146275954e-06
MI,31,500,LightGBM,0.9284786641929499,0.8548170871527925,0.0696141324365125,0.058641568990424275,4.177792480148642e-06
MI,31,500,CatBoost,0.923886827458256,0.8637573382036546,0.06541446962787267,0.34011369408108294,2.3356095268075686e-06
MI,31,500,RandomForest,0.9245361781076067,0.8599830651889699,0.06371940816347216,0.41339224204421043,0.00025477757736803053
MI,31,1002,XGBoost,0.9519944341372913,0.8947234823279533,0.05820194588823018,0.13092869403772056,8.54682054860421e-06
MI,31,1002,LightGBM,0.9361317254174395,0.8890239863234893,0.058571392851416916,0.08515606704168022,4.430374768803794e-06
MI,31,1002,CatBoost,0.9320500927643784,0.8862771934797424,0.056381405780177446,0.34010082809254527,2.2592744697256393e-06
MI,31,1002,RandomForest,0.9302875695732838,0.8888962865740148,0.05745810414543546,0.4669582098722458,0.0002970155411997283
MI,32,50,XGBoost,0.9051948051948052,0.7936670904935857,0.07316952450765961,0.07172450399957597,7.047895824469893e-06
MI,32,50,LightGBM,0.6515769944341373,0.29803211396836893,0.16095192510574535,0.012152364943176508,3.0806054364875018e-06
MI,32,50,CatBoost,0.9053339517625232,0.7120170554704225,0.11006589489931069,0.29012049292214215,2.273824993535817e-06
MI,32,50,RandomForest,0.9379870129870128,0.8441150320745444,0.07993518456712831,0.3758304938673973,0.0002548901152711703
MI,32,100,XGBoost,0.9253710575139147,0.8259205483050553,0.08833513609962905,0.07713862205855548,7.176230962117355e-06
MI,32,100,LightGBM,0.6583951762523191,0.342652347192602,0.1624453362271989,0.017399169970303774,3.189820632991563e-06
MI,32,100,CatBoost,0.931864564007421,0.8280578393664674,0.09665387219531188,0.2555728720035404,3.4960055449213164e-05
MI,32,100,RandomForest,0.9355751391465675,0.8561327946517691,0.07985229607782024,0.3820909010246396,0.00025783860555059646
MI,32,200,XGBoost,0.9268089053803338,0.8401693297006427,0.07992837874761502,0.09635531203821301,7.490486470589125e-06
MI,32,200,LightGBM,0.9158627087198515,0.8095917951921293,0.08617967095900719,0.041430270997807384,3.9743105565528e-06
MI,32,200,CatBoost,0.9095083487940632,0.7762271298278883,0.10306281103468498,0.2912911621388048,2.317792880701354e-06
MI,32,200,RandomForest,0.92778293135436,0.8338276233766798,0.07868191047545926,0.4098881820682436,0.0002551025338099891
MI,32,500,XGBoost,0.944294990723562,0.8833179005663873,0.06467409674428076,0.12118239980190992,8.142649741524244e-06
MI,32,500,LightGBM,0.9402597402597401,0.8871746378532663,0.06266499139591877,0.06300805602222681,4.1488333571835814e-06
MI,32,500,CatBoost,0.9398423005565864,0.8804244876539108,0.0682284919847716,0.2735081329010427,2.289091633907352e-06
MI,32,500,RandomForest,0.9278293135435991,0.8658592793143367,0.06831238282434834,0.422509663971141,0.00025419166879320286
MI,32,1002,XGBoost,0.9456864564007421,0.8941279892523663,0.05940740639478103,0.1298088429030031,8.588501871878882e-06
MI,32,1002,LightGBM,0.9480983302411874,0.8917027030584918,0.06020885747434118,0.08250058605335653,4.46825102713716e-06
MI,32,1002,CatBoost,0.9482838589981446,0.9021943675228884,0.05676453790977766,0.37180362292565405,2.489748978579187e-06
MI,32,1002,RandomForest,0.9452690166975882,0.8862167801132499,0.06254266779482964,0.4683310831896961,0.0002564379362856962
MI,33,50,XGBoost,0.9534674981103554,0.8483270276601099,0.07757097420975682,0.08134245011024177,7.267184555530548e-06
MI,33,50,LightGBM,0.7360166288737717,0.3541504481168535,0.1533781468196958,0.012359210988506675,3.149756230413914e-06
MI,33,50,CatBoost,0.8971560846560848,0.7091519507153893,0.11087327784678734,0.2679701801389456,2.3697996512055396e-06
MI,33,50,RandomForest,0.9338151927437642,0.810946830198464,0.08532933783398841,0.3851344499271363,0.00022357106022536754
MI,33,100,XGBoost,0.9589947089947091,0.846613350553387,0.07305886179336854,0.09024083102121949,7.428755983710289e-06
MI,33,100,LightGBM,0.8111772486772487,0.48812148647233844,0.13268263824652177,0.02192753297276795,3.2974593341350554e-06
MI,33,100,CatBoost,0.9128401360544217,0.665292846454824,0.11652577001288858,0.28315607784315944,2.386888489127159e-06
MI,33,100,RandomForest,0.930791761148904,0.7564246648774757,0.08535971733533469,0.3806312009692192,0.0002206402961164713
MI,33,200,XGBoost,0.9516250944822373,0.8511737428750327,0.0702422083603577,0.10235543898306787,7.738836109638215e-06
MI,33,200,LightGBM,0.9311224489795918,0.796116476828756,0.08870893936230723,0.03946816991083324,3.886887803673744e-06
MI,33,200,CatBoost,0.9330593348450491,0.8034112300886185,0.08957529447995619,0.3599595190025866,2.124476246535778e-06
MI,33,200,RandomForest,0.9370275888133031,0.7812852992617901,0.07901951759000202,0.4083956079557538,0.0002577718440443277
MI,33,500,XGBoost,0.9667894935752078,0.9049216889904946,0.0586020627447884,0.11950481007806957,8.326616138219834e-06
MI,33,500,LightGBM,0.9606009070294784,0.8860931146716947,0.06411654165311273,0.060524517903104424,4.291355609893799e-06
MI,33,500,CatBoost,0.9664115646258503,0.9030826077475149,0.06142690545035779,0.2765555791556835,2.2606877610087395e-06
MI,33,500,RandomForest,0.9668839758125471,0.900798661685983,0.05913014568525962,0.4237119359895587,0.00022067161556333303
MI,33,1003,XGBoost,0.9718915343915344,0.9114641309773966,0.05567866075987156,0.13300997205078602,8.551112376153469e-06
MI,33,1003,LightGBM,0.9706632653061225,0.9086741502460003,0.05600342332246355,0.08436459093354642,4.461400210857391e-06
MI,33,1003,CatBoost,0.9604591836734694,0.9004446700573154,0.0575515689298134,0.3241321831010282,2.3682434111833573e-06
MI,33,1003,RandomForest,0.9700018896447468,0.9036128478281951,0.05659467038164352,0.4682609038427472,0.00021804114803671836
MI,34,50,XGBoost,0.8095104895104895,0.5685849244486487,0.12479937436658872,0.08020268101245165,7.143460214138031e-06
MI,34,50,LightGBM,0.6181818181818182,0.2771037811745776,0.16572643979381949,0.00732588698156178,2.6368871331214903e-06
MI,34,50,CatBoost,0.9329603729603728,0.7538843702720005,0.09049324094352727,0.253270051907748,2.3828437551856043e-06
MI,34,50,RandomForest,0.9567365967365968,0.861299496214699,0.07504446176106325,0.3759144830983132,0.00022243589628487826
MI,34,100,XGBoost,0.9252214452214451,0.8098732510911998,0.08879924984743773,0.08705077809281647,7.3528233915567395e-06
MI,34,100,LightGBM,0.8221445221445223,0.5233943029544301,0.1385009517742131,0.02415104489773512,3.550776280462742e-06
MI,34,100,CatBoost,0.9421911421911422,0.731876043123424,0.09888577400240942,0.28368952102027833,2.3100757971405985e-06
MI,34,100,RandomForest,0.9495571095571096,0.8477694492749521,0.08044467284832665,0.386607863008976,0.0002563403518870473
MI,34,200,XGBoost,0.9052214452214452,0.7840422111632122,0.07901425119364329,0.10496496292762458,7.60804396122694e-06
MI,34,200,LightGBM,0.9014918414918414,0.7998369615076444,0.0786664572676043,0.03886413387954235,3.854120150208473e-06
MI,34,200,CatBoost,0.9508624708624708,0.825892130658457,0.07190738924593951,0.5240630300249904,2.138979732990265e-06
MI,34,200,RandomForest,0.9525874125874125,0.8558091146457587,0.07128727128799611,0.41199890593998134,0.0002233414277434349
MI,34,500,XGBoost,0.9577622377622378,0.9014471622051068,0.0616305111264942,0.12304737791419029,8.13264399766922e-06
MI,34,500,LightGBM,0.9527738927738928,0.8850633213035833,0.07023642338534199,0.06070159515365958,4.3017603456974025e-06
MI,34,500,CatBoost,0.9604662004662005,0.9067521319451582,0.05999975839235578,0.30231328192166984,2.305571921169758e-06
MI,34,500,RandomForest,0.9449883449883449,0.8884192484358868,0.06397499171244446,0.41970285307615995,0.00022102084010839463
MI,34,1003,XGBoost,0.9436829836829836,0.8845849291777619,0.06888183654761257,0.1297381930053234,8.397167548537254e-06
MI,34,1003,LightGBM,0.9197202797202797,0.8770263378172904,0.06674137126479894,0.07982673100195825,4.459328018128872e-06
MI,34,1003,CatBoost,0.9205594405594405,0.8802025160769982,0.06597586029998198,0.3051038351841271,2.205784432590008e-06
MI,34,1003,RandomForest,0.9127738927738926,0.8737413257174587,0.06453719276263635,0.4674092649947852,0.0002600010521709919
MI,35,50,XGBoost,0.9235621521335807,0.7952261255260086,0.08085961527728755,0.07799211493693292,7.191630251022924e-06
MI,35,50,LightGBM,0.6890538033395176,0.31809578273826544,0.16087845930319797,0.012282490963116288,3.129570370176399e-06
MI,35,50,CatBoost,0.9522727272727273,0.8702239820306219,0.06927006098692365,0.2377095678821206,2.9841745903055033e-06
MI,35,50,RandomForest,0.9642393320964749,0.9005230396650944,0.06447195083367212,0.38630529097281396,0.00025440329144081744
MI,35,100,XGBoost,0.9462430426716142,0.86595701666384,0.06906067784537691,0.09015941293910146,7.425681632234755e-06
MI,35,100,LightGBM,0.7205009276437847,0.3379612427861353,0.15598718017841412,0.01787834893912077,3.2469754541418942e-06
MI,35,100,CatBoost,0.9440166975881261,0.8324943750619203,0.09207787795624404,0.2756230670493096,2.30972451042844e-06
MI,35,100,RandomForest,0.957003710575139,0.8721478080324239,0.06643936018204721,0.38345293002203107,0.0002562349719696667
MI,35,200,XGBoost,0.9541280148423006,0.8718279531384189,0.0678821091684938,0.10433395905420184,7.652330668680221e-06
MI,35,200,LightGBM,0.9414192949907234,0.8577414942366408,0.07093507240627014,0.03999890899285674,3.9331162296443346e-06
MI,35,200,CatBoost,0.9539424860853433,0.8510164813807333,0.07342225475415176,0.4255879649426788,2.2962787726604604e-06
MI,35,200,RandomForest,0.9620593692022263,0.8819906935587043,0.06550178090727987,0.41160690202377737,0.0002551619046965087
MI,35,500,XGBoost,0.9438311688311688,0.8515969485519577,0.07119343749639222,0.12355661299079657,8.45932260719666e-06
MI,35,500,LightGBM,0.939378478664193,0.8389783066950671,0.07674605870027788,0.0655604510102421,4.280143346919482e-06
MI,35,500,CatBoost,0.9352968460111316,0.8257369090211254,0.08095605069887214,0.4536724907811731,2.3712149906562144e-06
MI,35,500,RandomForest,0.948051948051948,0.838662898304954,0.07552707036335246,0.41895538102835417,0.0002577254507853928
MI,35,1002,XGBoost,0.9564471243042671,0.8813602200200603,0.0660046337495207,0.13004264188930392,8.593254956413075e-06
MI,35,1002,LightGBM,0.9490259740259739,0.878211541832849,0.06656636906081458,0.08687385218217969,4.448075463394245e-06
MI,35,1002,CatBoost,0.9389146567717996,0.8620182502267342,0.07195253276459417,0.31687608384527266,2.3306143355084605e-06
MI,35,1002,RandomForest,0.9462430426716141,0.8724396900172944,0.06682985025147903,0.4632331298198551,0.0002563131084494975
MI,36,50,XGBoost,0.8901669758812616,0.8054746983910817,0.08865632395427572,0.07797755999490619,7.095513865351677e-06
MI,36,50,LightGBM,0.5,0.21912350597609562,0.17110916334661358,0.00410470413044095,2.5922788744903655e-06
MI,36,50,CatBoost,0.9200371057513914,0.800796747230311,0.08446470503671416,0.26724797883071005,2.090315486627271e-06
MI,36,50,RandomForest,0.9112708719851578,0.8350634475510492,0.0808154400778067,0.3839372219517827,0.0002550190635604331
MI,36,100,XGBoost,0.9237940630797774,0.8068883366519283,0.083814369041676,0.0879994360730052,7.31575681245422e-06
MI,36,100,LightGBM,0.8382653061224489,0.5680299612668034,0.12133795281836578,0.026337859919294715,3.348103728130519e-06
MI,36,100,CatBoost,0.914378478664193,0.7965439808148321,0.08421031133670329,0.2813819539733231,2.3759291154811107e-06
MI,36,100,RandomForest,0.9254638218923934,0.8280293742983759,0.07705636872126483,0.38664819998666644,0.0002557730999778941
MI,36,200,XGBoost,0.9261595547309833,0.8489534874486315,0.0743219108525446,0.1035636889282614,7.741139326021966e-06
MI,36,200,LightGBM,0.9173005565862709,0.8447888203236906,0.07868073005450898,0.04209750099107623,3.939541798841905e-06
MI,36,200,CatBoost,0.9038961038961039,0.8078695077457627,0.0890781509963641,0.5030511068180203,2.266190745737923e-06
MI,36,200,RandomForest,0.9249072356215213,0.8354835559166922,0.0808667257369876,0.4066526871174574,0.00025594462937419396
MI,36,500,XGBoost,0.9474025974025975,0.8784040191588756,0.07568973953910686,0.12455914099700749,8.355872520056379e-06
MI,36,500,LightGBM,0.9466604823747682,0.8784412178193072,0.07360418224832653,0.05902390298433602,4.349366401830517e-06
MI,36,500,CatBoost,0.9435992578849721,0.8646172489601869,0.07694290205661225,0.5931965741328895,2.656502100041663e-06
MI,36,500,RandomForest,0.9221243042671616,0.8403268428469205,0.08198998569407834,0.4087073530536145,0.000256250023404025
MI,36,1002,XGBoost,0.941187384044527,0.8764821112721232,0.07698631610155918,0.12968165311031044,8.566211352488434e-06
MI,36,1002,LightGBM,0.9340445269016697,0.8738501927756653,0.07742304719045741,0.07989020901732147,4.444589497024319e-06
MI,36,1002,CatBoost,0.9316326530612246,0.8666147853344116,0.07714588870167666,0.34148939000442624,2.350502339492281e-06
MI,36,1002,RandomForest,0.8653061224489795,0.828835120841152,0.0809268670277009,0.49705909308977425,0.0002570927219161118
MI,37,50,XGBoost,0.9348330241187384,0.774713106853112,0.07634595597261057,0.07196554192341864,7.38560136748975e-06
MI,37,50,LightGBM,0.5740723562152134,0.2507632252652173,0.17203740553409275,0.012089980067685246,3.1218331574325067e-06
MI,37,50,CatBoost,0.9230983302411875,0.7211032775792298,0.0971832539377657,0.3494208490010351,2.356386183208203e-06
MI,37,50,RandomForest,0.9608998144712431,0.8581674388089634,0.064956,0.38575572497211397,0.00025539292000323176
MI,37,100,XGBoost,0.9122912801484231,0.7001573730928288,0.07934483748287931,0.08283488312736154,7.042011980753971e-06
MI,37,100,LightGBM,0.8394248608534323,0.5119840984594807,0.1355178607616205,0.02023420389741659,3.349796620260672e-06
MI,37,100,CatBoost,0.9519480519480519,0.828058668719711,0.08908939879174736,0.26502881897613406,2.265971829276161e-06
MI,37,100,RandomForest,0.9560296846011131,0.8365005060377365,0.07453958510782269,0.38910830207169056,0.0002554953868215184
MI,37,200,XGBoost,0.9503710575139146,0.8150770031544353,0.0771140611092042,0.09281158004887402,7.2278405179777945e-06
MI,37,200,LightGBM,0.9296382189239333,0.75687291696179,0.08087481445705752,0.03451460087671876,3.7196819555474467e-06
MI,37,200,CatBoost,0.9429499072356216,0.7689810246576129,0.0836038257950842,0.3090591358486563,2.3485339465606737e-06
MI,37,200,RandomForest,0.9483766233766232,0.8291433966638754,0.07112420480294385,0.40895895496942103,0.00025623206390565134
MI,37,500,XGBoost,0.9551948051948052,0.8764559814598846,0.06616060473364681,0.12043883907608688,8.200641268812328e-06
MI,37,500,LightGBM,0.9539888682745825,0.8488529363764351,0.06920194939860105,0.06315262406133115,4.209453737237064e-06
MI,37,500,CatBoost,0.9385899814471244,0.8449308943316501,0.07267255221276842,0.38488719798624516,2.3444107106601098e-06
MI,37,500,RandomForest,0.9502319109461965,0.8690904889368246,0.06857352468802971,0.4161438059527427,0.00029590792037487265
MI,37,1002,XGBoost,0.949165120593692,0.8763675699332955,0.06520052802562129,0.13020810205489397,8.501904641845787e-06
MI,37,1002,LightGBM,0.9445269016697588,0.872412315301927,0.06264615116370476,0.0803721530828625,4.2786610227419565e-06
MI,37,1002,CatBoost,0.9296846011131724,0.834894738619773,0.06782228569722783,0.3421365921385586,2.3779754278313114e-06
MI,37,1002,RandomForest,0.9345547309833026,0.8684042797623643,0.06457016450693888,0.46636642701923847,0.00025523341431531063
MI,38,50,XGBoost,0.8683390022675737,0.6864414689517514,0.12432133198068544,0.07482533785514534,7.096800021827221e-06
MI,38,50,LightGBM,0.6704459561602418,0.3141118216101,0.15770336173898813,0.01238139602355659,3.1030243262648584e-06
MI,38,50,CatBoost,0.9399092970521541,0.7397210350353253,0.10433145725915423,0.2539635868743062,2.2407639771699905e-06
MI,38,50,RandomForest,0.9511526832955405,0.7891007569613341,0.072650608,0.3818306690081954,0.00022365804761648178
MI,38,100,XGBoost,0.9472316704459561,0.864238674222938,0.07021376583957764,0.08765450422652066,7.328120060265064e-06
MI,38,100,LightGBM,0.7853835978835978,0.5083229659370119,0.14595317133653649,0.02280177385546267,3.528643399477005e-06
MI,38,100,CatBoost,0.9445389266817839,0.7530215385237959,0.08612009270886824,0.24798513296991587,2.278471365571022e-06
MI,38,100,RandomForest,0.9492157974300831,0.8248200581465738,0.0715587088345799,0.3891346629243344,0.00025920108798891306
MI,38,200,XGBoost,0.9679705215419502,0.9039820944522364,0.05648195883424709,0.09929907112382352,7.6159713789820675e-06
MI,38,200,LightGBM,0.9593253968253969,0.8813100869384934,0.05747586290803662,0.036490696016699076,3.9375079795718195e-06
MI,38,200,CatBoost,0.9636243386243387,0.8473771147093618,0.06488051011131178,0.280732304090634,2.33345665037632e-06
MI,38,200,RandomForest,0.9631991685563115,0.8781507567465997,0.0563718165233839,0.41422248096205294,0.0002606900194659829
MI,38,500,XGBoost,0.9743008314436885,0.9253888175919402,0.04958956063951423,0.12272563297301531,8.300872519612313e-06
MI,38,500,LightGBM,0.9629629629629629,0.9068047353296436,0.05519188892093579,0.06474436796270311,4.305772483348846e-06
MI,38,500,CatBoost,0.9754346182917611,0.9285721345584288,0.0494894901659116,0.2701501289848238,2.4627754464745524e-06
MI,38,500,RandomForest,0.9712773998488283,0.9253311367977489,0.048882038660354295,0.4191152770072222,0.0002579235155135393
MI,38,1003,XGBoost,0.9709939531368103,0.9155567877846531,0.05267583835957184,0.12934538908302784,8.510852232575417e-06
MI,38,1003,LightGBM,0.9728835978835979,0.9151711325322693,0.05278354836746928,0.08297786605544388,4.493415355682373e-06
MI,38,1003,CatBoost,0.9725056689342404,0.9221603159764579,0.049318560130685696,0.2987133921124041,2.426203340291977e-06
MI,38,1003,RandomForest,0.9771352985638699,0.92222073550037,0.05031663196688264,0.4691998930647969,0.0002584422565996647
MI,39,50,XGBoost,0.9275058275058274,0.8061497185116789,0.08476579907031018,0.07257856987416744,7.256127893924713e-06
MI,39,50,LightGBM,0.5536130536130536,0.2416060606060606,0.17126923090886242,0.01215437799692154,3.1552957370877266e-06
MI,39,50,CatBoost,0.9037762237762239,0.6499507665318297,0.10367003786737429,0.24564669700339437,2.312864176928997e-06
MI,39,50,RandomForest,0.9255011655011656,0.7909722312322441,0.0854219258581406,0.3877269849181175,0.0002203325005248189
MI,39,100,XGBoost,0.8965967365967367,0.828123995466074,0.07983417944387551,0.08651130320504308,7.24290031939745e-06
MI,39,100,LightGBM,0.6495104895104895,0.31940654407321073,0.1609231746836142,0.01754889404401183,3.2087313011288644e-06
MI,39,100,CatBoost,0.9133799533799534,0.7364989716503897,0.09607520845550908,0.46256228699348867,2.3185648024082183e-06
MI,39,100,RandomForest,0.9263403263403263,0.7977532507727946,0.07609617468535146,0.3919581368099898,0.00026047695614397524
MI,39,200,XGBoost,0.8924941724941726,0.8210984225149836,0.08559666095012604,0.09912024298682809,7.543355226516724e-06
MI,39,200,LightGBM,0.8896969696969697,0.8124339886584623,0.08915955465645913,0.041018866933882236,3.8569197058677676e-06
MI,39,200,CatBoost,0.9238228438228439,0.8422359950979551,0.08099685174791733,0.2746678381226957,2.2719120606780053e-06
MI,39,200,RandomForest,0.9342191142191142,0.8669561341542898,0.0701418129405074,0.4046296621672809,0.0002609076639637351
MI,39,500,XGBoost,0.9334265734265734,0.8900997678294779,0.060056343654462975,0.12074135104194283,8.1740478053689e-06
MI,39,500,LightGBM,0.9007925407925409,0.838373655284815,0.07429877893780741,0.054585292004048824,4.165975376963615e-06
MI,39,500,CatBoost,0.9380885780885782,0.8924339509541269,0.06055896726918701,0.2781960431020707,2.3459000512957574e-06
MI,39,500,RandomForest,0.9398135198135198,0.868605944433484,0.06344620704864753,0.4143293930683285,0.0002214616322889924
MI,39,1003,XGBoost,0.9497435897435897,0.9142580578182116,0.0504820393468133,0.12979196500964463,8.538500405848027e-06
MI,39,1003,LightGBM,0.9507692307692308,0.9147002486831813,0.05065990807542964,0.0831316199619323,4.514535889029503e-06
MI,39,1003,CatBoost,0.947878787878788,0.9057371434766225,0.053903038239275086,0.30017649894580245,2.350956201553345e-06
MI,39,1003,RandomForest,0.9492773892773892,0.9018475048413076,0.055524550416273695,0.4667437958996743,0.0002583512840792537
MI,40,50,XGBoost,0.9453153988868275,0.864218182052896,0.05676333875701559,0.07144326297566295,6.978585574019003e-06
MI,40,50,LightGBM,0.6246289424860854,0.279137389834601,0.16475626912048036,0.007317775161936879,2.621327048219533e-06
MI,40,50,CatBoost,0.9430890538033395,0.8051983873812938,0.06573715921575236,0.3029131859075278,2.318195464364086e-06
MI,40,50,RandomForest,0.9735157699443413,0.8981699921925625,0.055130381176970125,0.37874008994549513,0.0002566946492311489
MI,40,100,XGBoost,0.953756957328386,0.9042205501835775,0.05845762996711019,0.08771432912908494,7.3224217055803275e-06
MI,40,100,LightGBM,0.8353896103896103,0.603749526557847,0.12165842054141558,0.021030415780842304,3.312529803094161e-06
MI,40,100,CatBoost,0.9407699443413728,0.8426246701735408,0.07637937735422694,0.27301111188717186,2.3482909121836326e-06
MI,40,100,RandomForest,0.972495361781076,0.9140778559218156,0.05695901029908552,0.3843309541698545,0.0002567923379193739
MI,40,200,XGBoost,0.9500927643784787,0.9074314040603195,0.0600329943290725,0.09912634291686118,7.374079497271325e-06
MI,40,200,LightGBM,0.9460575139146568,0.8715860127765517,0.074601054656428,0.03658960806205869,3.812928309300506e-06
MI,40,200,CatBoost,0.9458719851576994,0.8347292090758348,0.07444666263023533,0.45975993596948683,2.405856665505831e-06
MI,40,200,RandomForest,0.9737012987012987,0.9065600375977851,0.05880823049008285,0.41475425800308585,0.0002545211992905553
MI,40,500,XGBoost,0.950417439703154,0.9015909591097205,0.05482006540770508,0.12006077682599425,8.159940431554954e-06
MI,40,500,LightGBM,0.9397031539888683,0.8871735676860744,0.05680615993739198,0.06305088987573981,4.2154581705293806e-06
MI,40,500,CatBoost,0.9465213358070501,0.8906553744086926,0.054110819380307006,0.32600425090640783,2.4044179390982327e-06
MI,40,500,RandomForest,0.9631261595547309,0.9090827821651501,0.05215705913815053,0.42395174293778837,0.0002965339722920699
MI,40,1002,XGBoost,0.9853896103896104,0.9507425629401909,0.04206147336524039,0.129857158055529,8.527147750633646e-06
MI,40,1002,LightGBM,0.9826994434137291,0.943681180302825,0.043533947694830315,0.08760119811631739,4.50105510236495e-06
MI,40,1002,CatBoost,0.9854823747680891,0.9511105646593688,0.04148729047681846,0.34466185490600765,2.432047793886576e-06
MI,40,1002,RandomForest,0.9830705009276438,0.9427553794155712,0.042780582021706565,0.45954232406802475,0.00025440164585690574
MI,41,50,XGBoost,0.9448979591836735,0.8512978404651792,0.08177334068527621,0.07436622004024684,7.168562392670794e-06
MI,41,50,LightGBM,0.7281076066790353,0.35873774340534625,0.15827530617104618,0.012426838977262378,3.1473304319429208e-06
MI,41,50,CatBoost,0.9653988868274582,0.8874479326431446,0.08228457955409227,0.408065885072574,2.2301789877780404e-06
MI,41,50,RandomForest,0.9672541743970315,0.8943683857833433,0.06408983266932271,0.379713584901765,0.0002540303978594057
MI,41,100,XGBoost,0.9417903525046383,0.8353527619975404,0.07224008272437084,0.0808124179020524,7.235996083790562e-06
MI,41,100,LightGBM,0.7524582560296846,0.3572018318024636,0.14757820792342072,0.020474259974434972,3.260314516515371e-06
MI,41,100,CatBoost,0.9568645640074213,0.852587592228161,0.07002560877494643,0.25136310281232,2.4320079065651534e-06
MI,41,100,RandomForest,0.9537569573283857,0.8623025466838391,0.061061009752757675,0.3813232849352062,0.0002556377604410824
MI,41,200,XGBoost,0.9312615955473099,0.8487588802053613,0.07686388169590408,0.100779770873487,7.505142742181679e-06
MI,41,200,LightGBM,0.8855287569573285,0.8048904864349408,0.08736895213029891,0.03916998812928796,3.9686178009348565e-06
MI,41,200,CatBoost,0.9487940630797774,0.8478666266359812,0.09093303486494528,0.5589803599286824,2.293242698171699e-06
MI,41,200,RandomForest,0.933116883116883,0.8225391310276605,0.07597782202129516,0.4158395847771317,0.0002541547294231169
MI,41,500,XGBoost,0.9549165120593692,0.8979287488084698,0.05814994898121065,0.12521380302496254,8.233159639505276e-06
MI,41,500,LightGBM,0.9256029684601111,0.856268283744333,0.06706827939127077,0.06677415804006159,4.2919314418181e-06
MI,41,500,CatBoost,0.9580705009276438,0.8919520460026118,0.06389571254856921,0.3129338971339166,2.3038527256701572e-06
MI,41,500,RandomForest,0.9484230055658627,0.8892850820050275,0.06021750386778507,0.4232914310414344,0.000254924426716103
MI,41,1002,XGBoost,0.9682745825602969,0.9110127114989631,0.05500730040531346,0.1299851241055876,8.473052194275228e-06
MI,41,1002,LightGBM,0.9684601113172542,0.9123285580260108,0.054592548077470146,0.08533110399730504,4.492796571606184e-06
MI,41,1002,CatBoost,0.963821892393321,0.9133082494863428,0.054215632224315205,0.3133558959234506,2.2274981887335797e-06
MI,41,1002,RandomForest,0.9720779220779221,0.9159211708566039,0.05568174107360544,0.4630530681461096,0.0002558423981693874
MI,42,50,XGBoost,0.8831632653061225,0.7381514073404523,0.097689367670045,0.07877757400274277,7.420537095383344e-06
MI,42,50,LightGBM,0.641048237476809,0.29187736128048275,0.16173474416822367,0.012199890101328492,3.1281038154050174e-06
MI,42,50,CatBoost,0.8753246753246753,0.6874720263218218,0.12678769649669208,0.2714857109822333,2.249613389432193e-06
MI,42,50,RandomForest,0.8990723562152134,0.7536996019314687,0.10783494820717132,0.3775483020581305,0.00025594269715813525
MI,42,100,XGBoost,0.9218460111317254,0.8485401705280776,0.07588392999091047,0.08703700103797019,7.34894028104159e-06
MI,42,100,LightGBM,0.8012059369202227,0.5247121225040382,0.13645647835477032,0.024100206093862653,3.3909046792414083e-06
MI,42,100,CatBoost,0.9170686456400743,0.8050859921161256,0.0896840234148914,0.5273736279923469,2.2871037611210966e-06
MI,42,100,RandomForest,0.9257884972170687,0.8406073139354847,0.07877297465151249,0.39068350312300026,0.0002573870708683572
MI,42,200,XGBoost,0.9341836734693878,0.8758011243338313,0.06632860677062892,0.1024028230458498,7.6055493339361895e-06
MI,42,200,LightGBM,0.935204081632653,0.8748966634408757,0.06578660299789836,0.038960982114076614,3.931836124910302e-06
MI,42,200,CatBoost,0.9371057513914657,0.866045885842502,0.07296227129689005,0.7149108068551868,2.1288327249397796e-06
MI,42,200,RandomForest,0.9404916512059369,0.8790418659928239,0.06698114909091736,0.4134444349911064,0.00025690269315118097
MI,42,500,XGBoost,0.9358070500927643,0.8775275133395513,0.06495757783680155,0.12301301513798535,8.368012179950794e-06
MI,42,500,LightGBM,0.9227736549165121,0.8584796811835335,0.06877889656246075,0.061285502975806594,4.344406459792202e-06
MI,42,500,CatBoost,0.9216141001855288,0.8634510633330077,0.07048873278595952,0.44234589394181967,2.404625724214482e-06
MI,42,500,RandomForest,0.9240723562152133,0.871563137923956,0.06544871500148731,0.4224530500359833,0.00025629319911043484
MI,42,1002,XGBoost,0.9487012987012987,0.8956232979159893,0.06082944331265934,0.13004928617738187,8.526589328133727e-06
MI,42,1002,LightGBM,0.9483302411873841,0.8932300936774172,0.06180173125755376,0.08330357307568192,4.472804675064239e-06
MI,42,1002,CatBoost,0.9468460111317255,0.8935636649213586,0.06207410626920227,0.37120742397382855,2.388557626965986e-06
MI,42,1002,RandomForest,0.9457792207792208,0.8902577706197741,0.06062636748466637,0.47109425300732255,0.000255806816823454
MI,43,50,XGBoost,0.7872260015117156,0.4080985677463187,0.1720638326966776,0.07654567714780569,7.155556231737137e-06
MI,43,50,LightGBM,0.5,0.216,0.16936,0.004070970928296447,2.5429725646972657e-06
MI,43,50,CatBoost,0.8541194255479969,0.5143115316016358,0.15104443444728327,0.4037090791389346,2.3392122238874436e-06
MI,43,50,RandomForest,0.8863851095993953,0.5999010457099878,0.1180294852703855,0.3834932849276811,0.0002206608522683382
MI,43,100,XGBoost,0.8720238095238095,0.6131714538474436,0.1119152546211216,0.08982761995866895,7.424196228384972e-06
MI,43,100,LightGBM,0.6915627362055934,0.30963119219902624,0.17638864451608086,0.017859803047031164,3.215264528989792e-06
MI,43,100,CatBoost,0.8788737717309145,0.6197137892394964,0.11102862423475054,0.4783773571252823,2.2528236731886864e-06
MI,43,100,RandomForest,0.9007936507936507,0.6844443227859367,0.09756650964742448,0.38982570893131196,0.00021868220437318086
MI,43,200,XGBoost,0.9443027210884354,0.7616750698935374,0.07580690395457827,0.1053927659522742,7.66761600971222e-06
MI,43,200,LightGBM,0.9275793650793651,0.7051851057304038,0.08799151853590524,0.04023128701373935,3.9420798420906065e-06
MI,43,200,CatBoost,0.9240362811791383,0.7376047337419809,0.08794965993266414,0.32225927896797657,2.370923757553101e-06
MI,43,200,RandomForest,0.93140589569161,0.735622866992504,0.07845117839712024,0.41094633797183633,0.00025830963160842655
MI,43,500,XGBoost,0.9581443688586545,0.8546766724348177,0.06676437838730136,0.11790898791514337,8.20569135248661e-06
MI,43,500,LightGBM,0.9406651549508692,0.8405037394209937,0.07036238202331109,0.06125377700664103,4.284484311938286e-06
MI,43,500,CatBoost,0.9478458049886621,0.8221986403832163,0.0732352261431921,0.41581552010029554,2.3095840588212013e-06
MI,43,500,RandomForest,0.9536092214663644,0.8567705396793508,0.067933693869232,0.4181487818714231,0.00022034352738410233
MI,43,1003,XGBoost,0.957010582010582,0.8822867053898453,0.06364632748666496,0.13339123385958374,8.54466762393713e-06
MI,43,1003,LightGBM,0.9558767951625095,0.8898079966321933,0.05740086920124199,0.07799831195734441,4.4186562299728394e-06
MI,43,1003,CatBoost,0.9555933484504914,0.8870925893349573,0.059154192299758074,0.5387200289405882,2.414499409496784e-06
MI,43,1003,RandomForest,0.955640589569161,0.88363299204021,0.0610113715771864,0.4600873359013349,0.00022260287962853908
MI,44,50,XGBoost,0.7917016317016317,0.45786871331192036,0.15055028926937408,0.08094202517531812,7.324920035898686e-06
MI,44,50,LightGBM,0.5041958041958042,0.22146103896103897,0.1818281548582437,0.007500888081267476,2.690000459551811e-06
MI,44,50,CatBoost,0.8889510489510489,0.5633654838348432,0.15586827151428298,1.8880435759201646,2.6245759800076486e-06
MI,44,50,RandomForest,0.8908624708624708,0.6201522115663691,0.11862666301750567,0.38157883402891457,0.00025645569153130054
MI,44,100,XGBoost,0.9103496503496503,0.6763014765795698,0.10031560257054276,0.08441131003201008,7.2886599227786065e-06
MI,44,100,LightGBM,0.7922610722610722,0.4464416180889452,0.16068362292761418,0.017927553039044142,3.2851630821824073e-06
MI,44,100,CatBoost,0.9025641025641025,0.6438791572505566,0.13152859021197771,0.4543113219551742,2.087424509227276e-06
MI,44,100,RandomForest,0.8935198135198135,0.6681511529021014,0.10271951130975057,0.38732235110364854,0.00025667005218565464
MI,44,200,XGBoost,0.917948717948718,0.7447753177086137,0.10060154138710409,0.10068241297267377,7.474928162992001e-06
MI,44,200,LightGBM,0.9107692307692308,0.7420544347255648,0.10225153342790108,0.03827379015274346,3.9813760668039324e-06
MI,44,200,CatBoost,0.8698368298368299,0.6615358834994447,0.10518861103903455,0.3779035829938948,2.485607750713825e-06
MI,44,200,RandomForest,0.9043356643356644,0.7335103632234512,0.09311450679902436,0.4169524470344186,0.00022432729229331016
MI,44,500,XGBoost,0.9176689976689978,0.6883575795557845,0.09452435466898577,0.11831018095836043,8.058975450694561e-06
MI,44,500,LightGBM,0.9063403263403265,0.7018884873207708,0.10153436309528437,0.06103147612884641,4.276627674698829e-06
MI,44,500,CatBoost,0.8913752913752913,0.7151104831874736,0.10162389921902604,0.3530363840982318,2.3444201797246934e-06
MI,44,500,RandomForest,0.8913752913752914,0.6782796577263959,0.09672683898087897,0.41227333899587393,0.0002593289762735367
MI,44,1003,XGBoost,0.9336130536130536,0.8582413622380853,0.07424929544819583,0.13006517314352095,8.534404449164867e-06
MI,44,1003,LightGBM,0.9166433566433566,0.8524748842940584,0.0746299398977327,0.08318920899182558,4.422900266945362e-06
MI,44,1003,CatBoost,0.9006993006993007,0.8317727112876869,0.07825731418671976,0.424403642071411,2.4496205151081087e-06
MI,44,1003,RandomForest,0.9057342657342657,0.8318805868916513,0.07635941657151524,0.46211848012171686,0.00022023493982851504
MI,45,50,XGBoost,0.8731910946196662,0.6516040236394788,0.12855197903704116,0.07135855895467103,7.12462511670542e-06
MI,45,50,LightGBM,0.7200834879406308,0.3657359319300095,0.15648705355008677,0.007676139008253813,2.6347848449451514e-06
MI,45,50,CatBoost,0.9038033395176253,0.74303108320079,0.10227520586639322,0.3280396149493754,2.4006490510298436e-06
MI,45,50,RandomForest,0.9483302411873841,0.8136466152509929,0.07793625503210137,0.3834886490367353,0.0002556376853045002
MI,45,100,XGBoost,0.9417439703153989,0.8872653279604754,0.06491137135102301,0.08610398904420435,7.3236572849323075e-06
MI,45,100,LightGBM,0.7281539888682746,0.3464249629518756,0.15222304548596777,0.02022623596712947,3.3117088663625527e-06
MI,45,100,CatBoost,0.9178107606679036,0.8005136886802067,0.08079319456747629,0.30484547885134816,2.28476061289054e-06
MI,45,100,RandomForest,0.9395176252319108,0.8554743639753691,0.07271703158129225,0.39054946694523096,0.0002582691038450397
MI,45,200,XGBoost,0.949443413729128,0.8940352056990449,0.058784928450403034,0.10249862796626985,7.743963904945973e-06
MI,45,200,LightGBM,0.9374768089053803,0.8762069141177551,0.0626735628416763,0.03631674498319626,3.7346248592869695e-06
MI,45,200,CatBoost,0.939517625231911,0.8539592580949095,0.06841793229063292,0.25513906800188124,2.34954133332963e-06
MI,45,200,RandomForest,0.9435992578849723,0.8878806483105176,0.06012519722361382,0.4116301031317562,0.0002561133026527575
MI,45,500,XGBoost,0.9639146567717994,0.9184154503878178,0.05279523723119529,0.11904524290002882,8.297940359944366e-06
MI,45,500,LightGBM,0.9179962894248609,0.8767026305893493,0.06139424110705191,0.06341719906777143,4.306983803788504e-06
MI,45,500,CatBoost,0.9498144712430425,0.9205556879810004,0.05294649958983311,0.3211883259937167,2.3666938091535493e-06
MI,45,500,RandomForest,0.9326530612244899,0.9010805374002614,0.055764264836088755,0.41497128806076944,0.0002585832434019957
MI,45,1002,XGBoost,0.9833951762523191,0.9483082636836689,0.043103128069293214,0.12926963693462312,8.390330527705025e-06
MI,45,1002,LightGBM,0.9825602968460111,0.9458882744786331,0.04319507759313189,0.08215631893835962,4.40572904222515e-06
MI,45,1002,CatBoost,0.9832096474953618,0.9470963892515744,0.042136713542855475,0.4170219649095088,2.3659007007857244e-06
MI,45,1002,RandomForest,0.9828385899814471,0.9456619261344577,0.04458243676892437,0.4704071420710534,0.00025801842594407943
MI,46,50,XGBoost,0.9224489795918368,0.8046904468208459,0.07457747360473894,0.07311246613971889,7.121999974388525e-06
MI,46,50,LightGBM,0.6740723562152133,0.3104508103947845,0.16094016549550474,0.011960922041907907,3.112912311615697e-06
MI,46,50,CatBoost,0.9222170686456401,0.7795271997902187,0.09929866885727483,0.24769398989155889,2.6579361883886306e-06
MI,46,50,RandomForest,0.9276437847866419,0.8310024899343909,0.08257992230534901,0.38660329789854586,0.00025691166130521623
MI,46,100,XGBoost,0.9169758812615955,0.722359782340295,0.0823763201314197,0.08592254691757262,7.334298851243053e-06
MI,46,100,LightGBM,0.7122912801484229,0.33208766589736893,0.15993899009344756,0.024371654028072953,3.3092349248222145e-06
MI,46,100,CatBoost,0.9343692022263451,0.7961736164898888,0.07867144384336537,0.40171922999434173,2.4015933601742246e-06
MI,46,100,RandomForest,0.9303339517625231,0.8166197272729807,0.07505483925630811,0.3808967578224838,0.0002564549319950708
MI,46,200,XGBoost,0.9316790352504638,0.8530646729593772,0.07794375025047097,0.09618363296613097,7.566940262023196e-06
MI,46,200,LightGBM,0.9316790352504638,0.8427682090857745,0.08105311528337612,0.03753903694450855,3.7063633006407445e-06
MI,46,200,CatBoost,0.9317717996289425,0.8590164137749786,0.07307022072400235,0.2911181540694088,2.4465139049932777e-06
MI,46,200,RandomForest,0.9339517625231911,0.8574813365821324,0.07283934305181737,0.40937974606640637,0.0002555333669724099
MI,46,500,XGBoost,0.9267625231910945,0.8432795650369675,0.07773376571058821,0.11880794004537165,8.113000475137357e-06
MI,46,500,LightGBM,0.9231447124304268,0.8331360967648803,0.08250628652331471,0.06483570882119238,4.408036013582788e-06
MI,46,500,CatBoost,0.9260204081632653,0.840753325105354,0.08252591496584412,0.36411759490147233,2.4314902989987832e-06
MI,46,500,RandomForest,0.9341372912801482,0.8480164558104526,0.0743487106396181,0.4166261579375714,0.00029611796051620014
MI,46,1002,XGBoost,0.940213358070501,0.8655529241114333,0.06758019291212725,0.13000419200398028,8.541764134904778e-06
MI,46,1002,LightGBM,0.9395640074211502,0.8654944317313549,0.06803018708768076,0.08261752384714782,4.467003388827541e-06
MI,46,1002,CatBoost,0.9301948051948052,0.8404671901657448,0.07479662038370324,0.5061050129588693,2.4625022275989275e-06
MI,46,1002,RandomForest,0.9411873840445268,0.8572712740905852,0.07090138257369953,0.460780638968572,0.0002556183594334648
MI,47,50,XGBoost,0.9445269016697588,0.8218944300754373,0.0753442698975557,0.07483904995024204,7.148940613367168e-06
MI,47,50,LightGBM,0.6901669758812616,0.32912122553556816,0.15402975733313537,0.007654710905626416,2.699099904096934e-06
MI,47,50,CatBoost,0.9474025974025974,0.7983380830289805,0.08011273797100023,0.239729980006814,2.285390461524169e-06
MI,47,50,RandomForest,0.9591836734693877,0.8586833373756015,0.07228680095081,0.3821770220529288,0.00025600622374697985
MI,47,100,XGBoost,0.935482374768089,0.7965455195622447,0.10091674083453776,0.08209659601561725,7.260055559505505e-06
MI,47,100,LightGBM,0.8241187384044527,0.4535381552911633,0.16559223012171018,0.02762484597042203,3.474418526567311e-06
MI,47,100,CatBoost,0.9199443413729128,0.7241199102599889,0.11482810529652196,0.3541756251361221,2.402513551403327e-06
MI,47,100,RandomForest,0.9269016697588126,0.7680076258364253,0.09502866911926863,0.3820806259755045,0.0002558316137508092
MI,47,200,XGBoost,0.9405844155844156,0.7938505018338562,0.08900501017074977,0.0930472759064287,7.466007714193181e-06
MI,47,200,LightGBM,0.9383580705009277,0.7775926310295569,0.09418425201692346,0.03679098514840007,3.730299403942914e-06
MI,47,200,CatBoost,0.938961038961039,0.7489776938618109,0.09835215383336578,0.3207368450239301,2.769342404734566e-06
MI,47,200,RandomForest,0.937569573283859,0.7448292834858994,0.08812862008642901,0.4115828399080783,0.0002965795096989528
MI,47,500,XGBoost,0.9473098330241186,0.828186364373949,0.08041416303929104,0.12002832698635757,8.320857017519939e-06
MI,47,500,LightGBM,0.9361317254174397,0.7872350470343836,0.08648407688481728,0.059908116003498435,4.329247422427295e-06
MI,47,500,CatBoost,0.9430426716141002,0.8154353714952329,0.08464187823492782,0.33537424611859024,2.3454858131142727e-06
MI,47,500,RandomForest,0.9403525046382191,0.8045974831006693,0.08633479426006162,0.4233761699870229,0.00025866106449370365
MI,47,1002,XGBoost,0.9496289424860853,0.8731313701896967,0.06825819423556741,0.13185096811503172,8.551131162154248e-06
MI,47,1002,LightGBM,0.9441558441558442,0.8699358946452637,0.06924995985211797,0.08327069994993508,4.4260595171931255e-06
MI,47,1002,CatBoost,0.9427643784786641,0.8659932375279892,0.0733889384588097,0.5183868310414255,2.197116108767065e-06
MI,47,1002,RandomForest,0.932282003710575,0.8611780589436963,0.07151673283522689,0.46678814198821783,0.0002563700796034469
MI,48,50,XGBoost,0.7824546485260772,0.4986330841714205,0.14109590142333453,0.07952868100255728,7.287807762622833e-06
MI,48,50,LightGBM,0.6304799697656841,0.2834944635357006,0.1612021651610995,0.007424248149618506,2.6708999648690223e-06
MI,48,50,CatBoost,0.9238945578231292,0.7492501903354432,0.0886634346785645,0.3632034321781248,2.1186526864767074e-06
MI,48,50,RandomForest,0.9152021919879062,0.7504191775367041,0.08451532799089949,0.3823655329179019,0.00021741338819265365
MI,48,100,XGBoost,0.9096277399848829,0.7749779087883645,0.10620438795736481,0.07756006415002048,7.146392017602921e-06
MI,48,100,LightGBM,0.6718631897203327,0.311839147488632,0.16288376127064969,0.015417976072058082,3.110780380666256e-06
MI,48,100,CatBoost,0.9091553287981858,0.7604904373644329,0.09845342217873983,0.2948859150055796,2.2568879649043084e-06
MI,48,100,RandomForest,0.9171863189720333,0.8015544406226119,0.08440904643450732,0.38049427792429924,0.00026057056058198215
MI,48,200,XGBoost,0.9056122448979592,0.7465011200500182,0.09515188432378048,0.09173278603702784,7.379588671028614e-06
MI,48,200,LightGBM,0.8965419501133787,0.777042846654772,0.0957528326367605,0.03328255703672767,3.906844183802605e-06
MI,48,200,CatBoost,0.9096277399848829,0.7536427121208332,0.10216675911609037,0.306348592042923,6.762423552572727e-06
MI,48,200,RandomForest,0.9041477702191988,0.7910804820656372,0.08648323629501734,0.41259214002639055,0.00026046650763601064
MI,48,500,XGBoost,0.9226662887377173,0.8338302995699882,0.07644214189722894,0.12298130197450519,8.260100148618221e-06
MI,48,500,LightGBM,0.9125566893424036,0.8227596597074263,0.07590877921409321,0.06554605602286756,4.37918771058321e-06
MI,48,500,CatBoost,0.9238000755857898,0.8571006427896015,0.06762184882055587,0.28974107885733247,2.3017125204205515e-06
MI,48,500,RandomForest,0.9123204837490551,0.8441135857696282,0.06834172451427636,0.4163482189178467,0.00021770358458161353
MI,48,1003,XGBoost,0.9285241874527589,0.8658818701284732,0.0688993103778781,0.12937618885189295,8.553852327167989e-06
MI,48,1003,LightGBM,0.9241780045351473,0.8695977062935216,0.06696940719899885,0.08296340517699718,4.384083673357963e-06
MI,48,1003,CatBoost,0.9251228269085412,0.8757364543804446,0.06385532514548799,0.5170664309989661,2.167311497032642e-06
MI,48,1003,RandomForest,0.926351095993953,0.8685483614524363,0.06509539009088906,0.46152529888786376,0.0002199838999658823
MI,49,50,XGBoost,0.9346853146853147,0.7997948490337963,0.07253711583982843,0.07152760401368141,7.107651792466641e-06
MI,49,50,LightGBM,0.7463403263403263,0.3821209949989506,0.15060946697777292,0.007778682978823781,2.6313485577702523e-06
MI,49,50,CatBoost,0.9636829836829837,0.8541776967478036,0.06925523902817124,0.24612359586171806,2.3703556507825852e-06
MI,49,50,RandomForest,0.9717948717948718,0.9031970835287026,0.05809229767746031,0.38578430796042085,0.00022314566001296044
MI,49,100,XGBoost,0.9536596736596736,0.8605196732485756,0.06023532124157913,0.08953457116149366,7.338108494877816e-06
MI,49,100,LightGBM,0.8005594405594405,0.517510255773555,0.13138174322615065,0.02915489301085472,3.5122716799378396e-06
MI,49,100,CatBoost,0.9106293706293707,0.8516798551018364,0.07615525124622172,0.45566471409983933,2.3235753178596497e-06
MI,49,100,RandomForest,0.9591608391608392,0.9044497579219649,0.05958188213538102,0.3914090229663998,0.00022573045175522567
MI,49,200,XGBoost,0.9446153846153846,0.9039473471434735,0.053677322185147355,0.09772344515658915,7.461871951818466e-06
MI,49,200,LightGBM,0.9332867132867133,0.8991583267902244,0.055536174714097046,0.034146168967708945,4.008031450212002e-06
MI,49,200,CatBoost,0.9441025641025642,0.8950806493234479,0.07085788011559646,0.36639208788983524,2.3976638913154604e-06
MI,49,200,RandomForest,0.9678787878787879,0.9280668005440978,0.0523852222312714,0.4109490772243589,0.00021783179603517054
MI,49,500,XGBoost,0.9715151515151516,0.9192153617108275,0.052152353110231524,0.11802860605530441,8.084164001047612e-06
MI,49,500,LightGBM,0.9642424242424243,0.9026770453061047,0.05959912237824399,0.05850047687999904,4.266692325472832e-06
MI,49,500,CatBoost,0.9669463869463869,0.8979226023017467,0.06712471006425572,0.3835196699947119,2.347172237932682e-06
MI,49,500,RandomForest,0.9738461538461538,0.9178718044721271,0.060237911884460545,0.4141245780047029,0.0002190232640132308
MI,49,1003,XGBoost,0.9697435897435898,0.9142219401448699,0.05491426849195011,0.12969684903509915,8.493328467011452e-06
MI,49,1003,LightGBM,0.9692773892773893,0.9165461991279431,0.05525310894202673,0.08264112821780145,4.512323997914791e-06
MI,49,1003,CatBoost,0.9695571095571095,0.9154157153880879,0.055451332538705385,0.35652012401260436,2.3038359358906745e-06
MI,49,1003,RandomForest,0.9716083916083916,0.9156123811952119,0.056219920273476026,0.4641408249735832,0.00026146286353468897
BreastCancer,0,50,XGBoost,0.9823124795283328,0.9757192201925228,0.056199809432925,0.09277324401773512,3.0030745588112295e-05
BreastCancer,0,50,LightGBM,0.9757615460203078,0.9730547149928338,0.07325884803377357,0.013395506888628006,7.28339389816188e-06
BreastCancer,0,50,CatBoost,0.985260399606944,0.9794477983807004,0.05981906459448346,0.26010921318084,1.0184982481102148e-05
BreastCancer,0,50,RandomForest,0.9944317065181788,0.99111922494944,0.040976035087719284,0.3887128820642829,0.00039380158730700874
BreastCancer,0,100,XGBoost,0.9885358663609565,0.9854321190772326,0.03409825199859714,0.09757388080470264,3.013049922229951e-05
BreastCancer,0,100,LightGBM,0.9924664264657713,0.9913121035940802,0.027196417771015398,0.021909802919253707,7.5085533848195746e-06
BreastCancer,0,100,CatBoost,0.9941041598427776,0.9916548361947756,0.035876396602890055,0.3508454249240458,9.67907008567923e-06
BreastCancer,0,100,RandomForest,0.9931215198165739,0.9913067552602437,0.032559087719298246,0.3913015238940716,0.0004027405439206121
BreastCancer,0,200,XGBoost,0.9842777595807402,0.9842480099957883,0.032092118919613985,0.11760904989205301,3.0072516222533425e-05
BreastCancer,0,200,LightGBM,0.9875532263347528,0.9854090180947811,0.03111740343685723,0.0438770919572562,8.582770661042447e-06
BreastCancer,0,200,CatBoost,0.9921388797903701,0.9889064508945395,0.0404471120640169,0.5128744840621948,9.757693317767821e-06
BreastCancer,0,200,RandomForest,0.9908286930887651,0.987347787730184,0.038927473684210526,0.4087774611543864,0.00038581353555057653
BreastCancer,0,455,XGBoost,0.9957418932197839,0.9946013289036545,0.018965222470764594,0.15792022901587188,3.077425348588772e-05
BreastCancer,0,455,LightGBM,0.9990173599737964,0.9984833164812943,0.022286041169457337,0.07065211003646255,8.99745633400846e-06
BreastCancer,0,455,CatBoost,0.998689813298395,0.9980207817911926,0.023128116765506503,0.5532832748722285,1.0134525629773475e-05
BreastCancer,0,455,RandomForest,0.9944317065181788,0.9931525057062454,0.02767750877192982,0.4098229198716581,0.00038439935898375614
BreastCancer,0,455,XGBoost,0.9957418932197839,0.9946013289036545,0.018965222470764594,0.1567643389571458,3.114733395673204e-05
BreastCancer,0,455,LightGBM,0.9990173599737964,0.9984833164812943,0.022286041169457337,0.07139819604344666,9.118052395550827e-06
BreastCancer,0,455,CatBoost,0.998689813298395,0.9980207817911926,0.023128116765506503,0.567222059937194,9.631805465017495e-06
BreastCancer,0,455,RandomForest,0.9944317065181788,0.9931525057062454,0.02767750877192982,0.41053205798380077,0.00038533527281527454
BreastCancer,1,50,XGBoost,0.9816573861775303,0.9815452979308854,0.0357744383086762,0.09439044701866806,2.9890273142148527e-05
BreastCancer,1,50,LightGBM,0.9844415329184408,0.9847029506634561,0.030062317664375178,0.013808324001729488,7.74410651310494e-06
BreastCancer,1,50,CatBoost,0.9767441860465116,0.9805403270350654,0.034089571404542995,0.3079725920688361,9.108324567869044e-06
BreastCancer,1,50,RandomForest,0.980019652800524,0.9835449177098585,0.03383182456140351,0.3851771140471101,0.00038782983258562654
BreastCancer,1,100,XGBoost,0.9901735997379626,0.9875748334051868,0.030391337253080367,0.09732906008139253,2.9913991232190217e-05
BreastCancer,1,100,LightGBM,0.9888634130363576,0.9858468404980033,0.03245083881631702,0.021459646057337523,7.916235757109366e-06
BreastCancer,1,100,CatBoost,0.9793645594497216,0.9805354936042501,0.037272331642484675,0.5581307678949088,8.969641241588091e-06
BreastCancer,1,100,RandomForest,0.9831313462168358,0.9825562938325008,0.03531031578947369,0.38580616912804544,0.0003857922192924378
BreastCancer,1,200,XGBoost,0.9924664264657713,0.9905616741218194,0.02843197820247317,0.11296399310231209,2.986073632838956e-05
BreastCancer,1,200,LightGBM,0.9921388797903701,0.9902306519252765,0.018970716186885866,0.04006812209263444,8.457805961370468e-06
BreastCancer,1,200,CatBoost,0.9888634130363576,0.9893612479007146,0.02930936419104421,0.6585362229961902,1.0945615685430535e-05
BreastCancer,1,200,RandomForest,0.9888634130363577,0.9894024138946128,0.034694596491228066,0.44140774803236127,0.00039768699973233437
BreastCancer,1,455,XGBoost,0.9941041598427777,0.9924351777599574,0.019850555460139172,0.15506377909332514,3.0837438412402806e-05
BreastCancer,1,455,LightGBM,0.9944317065181789,0.9929284829044253,0.017510900135392256,0.0704993640538305,9.158595563157609e-06
BreastCancer,1,455,CatBoost,0.9918113331149689,0.9914500683994529,0.010707435730454169,0.5583168431185186,9.253359677498801e-06
BreastCancer,1,455,RandomForest,0.9788732394366197,0.9849752829884338,0.026981263157894737,0.40971892490051687,0.00038727238700774153
BreastCancer,1,455,XGBoost,0.9941041598427777,0.9924351777599574,0.019850555460139172,0.15455862204544246,3.0958728881128004e-05
BreastCancer,1,455,LightGBM,0.9944317065181789,0.9929284829044253,0.017510900135392256,0.06912011397071183,9.05816794552824e-06
BreastCancer,1,455,CatBoost,0.9918113331149689,0.9914500683994529,0.010707435730454169,0.5498751760460436,8.799727973446511e-06
BreastCancer,1,455,RandomForest,0.9788732394366197,0.9849752829884338,0.026981263157894737,0.4093932320829481,0.00039123994780279565
BreastCancer,2,50,XGBoost,0.9897486772486773,0.9830092451739226,0.0395473950490986,0.09571149619296193,3.0064806260429977e-05
BreastCancer,2,50,LightGBM,0.9897486772486772,0.9848379770635869,0.04070413034817475,0.013890454079955816,7.71883417639816e-06
BreastCancer,2,50,CatBoost,0.986441798941799,0.9796323967268965,0.05037614181020881,0.30139513802714646,8.069334159556188e-06
BreastCancer,2,50,RandomForest,0.9890873015873016,0.9840282743825294,0.047064385964912275,0.39111596904695034,0.0003916745180296793
BreastCancer,2,100,XGBoost,0.9894179894179894,0.9858348203066706,0.038184884202034294,0.10003320407122374,2.9823183196417074e-05
BreastCancer,2,100,LightGBM,0.9864417989417991,0.982410712290726,0.044890876678157034,0.022716718958690763,8.018807867509231e-06
BreastCancer,2,100,CatBoost,0.9844576719576719,0.9832530169644851,0.03655880946920635,0.30603025504387915,8.990524516424589e-06
BreastCancer,2,100,RandomForest,0.9907407407407407,0.9870305319827943,0.03884484210526316,0.3918537241406739,0.00039481024437567643
BreastCancer,2,200,XGBoost,0.9894179894179894,0.9858435769782656,0.03222972934591321,0.1161842301953584,2.990727182150933e-05
BreastCancer,2,200,LightGBM,0.9914021164021164,0.9868462239968452,0.03504799522900785,0.04244140791706741,8.580323896910014e-06
BreastCancer,2,200,CatBoost,0.9957010582010581,0.99310520586653,0.029110966200262756,0.4616265648510307,9.80384075981483e-06
BreastCancer,2,200,RandomForest,0.9957010582010581,0.9934299276444405,0.030096842105263158,0.4130327859893441,0.00039017263987804193
BreastCancer,2,455,XGBoost,0.9930555555555556,0.9904273852768923,0.02750850666043753,0.15378358983434737,3.083451577511273e-05
BreastCancer,2,455,LightGBM,0.9943783068783069,0.9917738945272953,0.030190495776724068,0.07035302184522152,9.005386872511162e-06
BreastCancer,2,455,CatBoost,0.996031746031746,0.9935568368455123,0.028617891720506945,0.484732402022928,9.760475031247265e-06
BreastCancer,2,455,RandomForest,0.996362433862434,0.9943945427394905,0.0259161052631579,0.405910826055333,0.0003976665188051891
BreastCancer,2,455,XGBoost,0.9930555555555556,0.9904273852768923,0.02750850666043753,0.1535792590584606,3.052676268117992e-05
BreastCancer,2,455,LightGBM,0.9943783068783069,0.9917738945272953,0.030190495776724068,0.070693553192541,8.962762525729967e-06
BreastCancer,2,455,CatBoost,0.996031746031746,0.9935568368455123,0.028617891720506945,0.4815800478681922,9.419263765346586e-06
BreastCancer,2,455,RandomForest,0.996362433862434,0.9943945427394905,0.0259161052631579,0.41193622001446784,0.00039253993727789637
BreastCancer,3,50,XGBoost,0.9811507936507936,0.9754759576906858,0.048931232237947875,0.09690118697471917,2.981209718998064e-05
BreastCancer,3,50,LightGBM,0.9533730158730158,0.9374062480945299,0.08078228949532427,0.013696696143597364,7.6015099981113484e-06
BreastCancer,3,50,CatBoost,0.9828042328042328,0.9755386064078992,0.05515753587397645,0.24850569409318268,8.94311284483002e-06
BreastCancer,3,50,RandomForest,0.9966931216931217,0.9946704573011195,0.04395466666666666,0.382080604089424,0.00040045548271257106
BreastCancer,3,100,XGBoost,0.9874338624338624,0.9886904761904762,0.022946983060971718,0.10523863695561886,3.0387105142468946e-05
BreastCancer,3,100,LightGBM,0.9824735449735449,0.9839794859807738,0.034901525142457895,0.024304562946781516,8.581053024451984e-06
BreastCancer,3,100,CatBoost,0.9927248677248677,0.9912120887364698,0.02630516380435484,0.3088152271229774,8.837850927783733e-06
BreastCancer,3,100,RandomForest,0.9935515873015873,0.9908404573288743,0.037643192982456136,0.3890738640911877,0.00039654213061000697
BreastCancer,3,200,XGBoost,0.9837962962962963,0.9839312925249726,0.026865319751323526,0.12751255021430552,3.056880699372605e-05
BreastCancer,3,200,LightGBM,0.9847883597883598,0.9837922570507636,0.04400125449207494,0.04332470800727606,8.796788997163898e-06
BreastCancer,3,200,CatBoost,0.9897486772486772,0.9891675635206588,0.02343453545459613,0.676747472025454,1.1813500079146602e-05
BreastCancer,3,200,RandomForest,0.9947089947089947,0.993431855500821,0.02575743859649123,0.4181553579401225,0.0004134866931851496
BreastCancer,3,455,XGBoost,0.9907407407407407,0.9879899803815699,0.02716988396174792,0.1545396400615573,3.451424683525897e-05
BreastCancer,3,455,LightGBM,0.9890873015873015,0.9879916053325055,0.029062288772336617,0.06858817278407514,9.950244260069571e-06
BreastCancer,3,455,CatBoost,0.9894179894179894,0.9897039897039898,0.013617364543024665,0.5494435168802738,1.0465982517129496e-05
BreastCancer,3,455,RandomForest,0.9928902116402116,0.9918154761904762,0.022522526315789475,0.4156358069740236,0.00039375966553690665
BreastCancer,3,455,XGBoost,0.9907407407407407,0.9879899803815699,0.02716988396174792,0.15410183486528695,3.187583244748806e-05
BreastCancer,3,455,LightGBM,0.9890873015873015,0.9879916053325055,0.029062288772336617,0.06991521012969315,1.0180342207221608e-05
BreastCancer,3,455,CatBoost,0.9894179894179894,0.9897039897039898,0.013617364543024665,0.49753042683005333,1.0466182669788076e-05
BreastCancer,3,455,RandomForest,0.9928902116402116,0.9918154761904762,0.022522526315789475,0.41034219204448164,0.0003978223948363672
BreastCancer,4,50,XGBoost,0.9788732394366196,0.9679567788153565,0.13151192536641187,0.09556455095298588,2.989646014386574e-05
BreastCancer,4,50,LightGBM,0.9624413145539906,0.9265753824420062,0.1172417308118609,0.014342489885166287,7.743442398125092e-06
BreastCancer,4,50,CatBoost,0.9859154929577465,0.9823524795982423,0.11047173108851566,0.3382865299936384,9.324150242372951e-06
BreastCancer,4,50,RandomForest,0.9914486921529174,0.9860390193566886,0.07360715044247787,0.3902016170322895,0.00039865477093025645
BreastCancer,4,100,XGBoost,0.994299128101945,0.9913387932004954,0.043407333265093134,0.10415701917372644,2.963014309648919e-05
BreastCancer,4,100,LightGBM,0.9906103286384977,0.9865538892324607,0.06000119992693676,0.024291965179145336,8.241034450784193e-06
BreastCancer,4,100,CatBoost,0.983232729711603,0.974464631785447,0.056325138140789995,0.3925541320350021,9.362503424682449e-06
BreastCancer,4,100,RandomForest,0.9802146210596915,0.9697776774009293,0.06359854867256637,0.3875909789931029,0.0003933422205623536
BreastCancer,4,200,XGBoost,0.9842387659289067,0.9762265841330975,0.06120761096181844,0.12690330808982253,3.054825613786161e-05
BreastCancer,4,200,LightGBM,0.9889336016096579,0.9811440400934909,0.04333836001627637,0.041309227934107184,8.745920489979002e-06
BreastCancer,4,200,CatBoost,0.9818913480885312,0.9735429528861069,0.05903260032978934,0.6156963880639523,1.0088203573780777e-05
BreastCancer,4,200,RandomForest,0.9741784037558686,0.9604544844580083,0.0671356814159292,0.4122246610932052,0.00038967605276379435
BreastCancer,4,456,XGBoost,0.9889336016096579,0.9830610945465886,0.04753206882873146,0.151870999019593,3.074816906148881e-05
BreastCancer,4,456,LightGBM,0.9922870556673374,0.98654366410939,0.044284194322083234,0.06767008104361594,8.855468338042234e-06
BreastCancer,4,456,CatBoost,0.9896042924211939,0.9833610262985145,0.04966908494927163,0.4915218169335276,9.846920971717454e-06
BreastCancer,4,456,RandomForest,0.9765258215962442,0.965009058462293,0.0620393982300885,0.4141289440449327,0.0003962527169326765
BreastCancer,4,456,XGBoost,0.9889336016096579,0.9830610945465886,0.04753206882873146,0.15296918898820877,3.102259191198159e-05
BreastCancer,4,456,LightGBM,0.9922870556673374,0.98654366410939,0.044284194322083234,0.06733366404660046,8.944611567839057e-06
BreastCancer,4,456,CatBoost,0.9896042924211939,0.9833610262985145,0.04966908494927163,0.47766797291114926,9.95900935237914e-06
BreastCancer,4,456,RandomForest,0.9765258215962442,0.965009058462293,0.0620393982300885,0.41758387302979827,0.0003882036194106383
BreastCancer,5,50,XGBoost,0.9875532263347527,0.9832322132868779,0.07842234230185773,0.0939207561314106,2.961649902557072e-05
BreastCancer,5,50,LightGBM,0.9963969865705863,0.994296216920237,0.054745319857778765,0.013717932859435678,7.552544079851686e-06
BreastCancer,5,50,CatBoost,0.9908286930887651,0.9885985782159826,0.08124031785939363,0.2927420230116695,8.91725434676597e-06
BreastCancer,5,50,RandomForest,0.9905011464133638,0.9880759956959858,0.06463035087719299,0.38263715896755457,0.0003934219998323865
BreastCancer,5,100,XGBoost,0.9944317065181789,0.9905908677664499,0.03195689666472284,0.09767599403858185,2.9791026016729966e-05
BreastCancer,5,100,LightGBM,0.996069439895185,0.9939696510095906,0.04569295316318361,0.022637762129306793,7.862509064899201e-06
BreastCancer,5,100,CatBoost,0.99737962659679,0.995915761666695,0.0411189347378639,0.34486774704419076,9.731028081947252e-06
BreastCancer,5,100,RandomForest,0.9963969865705863,0.9944810368844077,0.04010322807017544,0.38275126297958195,0.000400737718384909
BreastCancer,5,200,XGBoost,0.9937766131673763,0.9906350500049799,0.04517835201109194,0.11066589411348104,2.977313073515369e-05
BreastCancer,5,200,LightGBM,0.9927939731411727,0.9890106260415856,0.06052538771880824,0.04096594103612006,8.432852235018162e-06
BreastCancer,5,200,CatBoost,0.9950867998689813,0.9924370612294924,0.03957240998707126,0.4638672908768058,8.8342543070515e-06
BreastCancer,5,200,RandomForest,0.996069439895185,0.9939696510095904,0.03445912280701754,0.40905139897949994,0.0003956120967734278
BreastCancer,5,455,XGBoost,0.9970520799213888,0.9956871035940804,0.03511221350271557,0.15471116709522903,3.0639904077377234e-05
BreastCancer,5,455,LightGBM,0.9954143465443825,0.993712316968131,0.040921441796942834,0.0709906630218029,9.219008988063587e-06
BreastCancer,5,455,CatBoost,0.9977071732721913,0.9964703941942934,0.029430022259045046,0.4865134621504694,9.85350925475359e-06
BreastCancer,5,455,RandomForest,0.9963969865705864,0.9946400885935771,0.029808035087719294,0.4124344571027905,0.00039691288685916285
BreastCancer,5,455,XGBoost,0.9970520799213888,0.9956871035940804,0.03511221350271557,0.1540519359987229,3.055573579969636e-05
BreastCancer,5,455,LightGBM,0.9954143465443825,0.993712316968131,0.040921441796942834,0.07039198721759021,8.964990755837215e-06
BreastCancer,5,455,CatBoost,0.9977071732721913,0.9964703941942934,0.029430022259045046,0.4631527049932629,8.870526870483892e-06
BreastCancer,5,455,RandomForest,0.9963969865705864,0.9946400885935771,0.029808035087719294,0.4201635620556772,0.00039033131600406607
BreastCancer,6,50,XGBoost,0.975761546020308,0.9621658914034505,0.06980478059023743,0.09238715097308159,3.0097525092985545e-05
BreastCancer,6,50,LightGBM,0.9770717327219128,0.9692790127464148,0.07375379279057412,0.01383005897514522,7.45940365289387e-06
BreastCancer,6,50,CatBoost,0.967900425810678,0.9662563044864934,0.07396499212791398,0.4696417509112507,8.206781849526523e-06
BreastCancer,6,50,RandomForest,0.9651162790697674,0.9631586588742524,0.06360908771929824,0.38462183391675353,0.00038561863179334947
BreastCancer,6,100,XGBoost,0.9734687192924992,0.9612220080720582,0.07243136398776731,0.09672453301027417,2.9409343066314857e-05
BreastCancer,6,100,LightGBM,0.983950212905339,0.9744703332470012,0.09133306528435335,0.02288581687025726,7.8616328864244e-06
BreastCancer,6,100,CatBoost,0.9659351457582706,0.9595312134201998,0.07207407483899343,0.4347225578967482,9.635297924672303e-06
BreastCancer,6,100,RandomForest,0.9755977726826073,0.967657043285021,0.0612838596491228,0.38933722604997456,0.00039130612276494503
BreastCancer,6,200,XGBoost,0.9895185063871602,0.985771980406238,0.043856489054853905,0.11607561097480357,2.9926035112064136e-05
BreastCancer,6,200,LightGBM,0.9895185063871601,0.9842960193843222,0.051738131755194,0.04478674288839102,8.56994659427488e-06
BreastCancer,6,200,CatBoost,0.9895185063871601,0.990077519379845,0.023366832880905897,0.5055887061171234,9.428209363760656e-06
BreastCancer,6,200,RandomForest,0.9816573861775303,0.9799755639710966,0.04633824561403509,0.41458445391617715,0.00038592083371456775
BreastCancer,6,455,XGBoost,0.9954143465443825,0.993712316968131,0.026504171052556248,0.15374168497510254,3.0728622764479696e-05
BreastCancer,6,455,LightGBM,0.9967245332459875,0.9956121105748136,0.02123529154452238,0.06893083499744534,9.000254386480441e-06
BreastCancer,6,455,CatBoost,0.9914837864395676,0.9909092355168136,0.021574916856447295,0.5261214848142117,9.702063132927083e-06
BreastCancer,6,455,RandomForest,0.9819849328529315,0.9826368504632873,0.035395368421052634,0.41259826091118157,0.00039711836807168366
BreastCancer,6,455,XGBoost,0.9954143465443825,0.993712316968131,0.026504171052556248,0.15285869594663382,3.061247499365556e-05
BreastCancer,6,455,LightGBM,0.9967245332459875,0.9956121105748136,0.02123529154452238,0.06872138613834977,8.966745155160888e-06
BreastCancer,6,455,CatBoost,0.9914837864395676,0.9909092355168136,0.021574916856447295,0.5908012439031154,9.864568710327148e-06
BreastCancer,6,455,RandomForest,0.9819849328529315,0.9826368504632873,0.035395368421052634,0.4170635777991265,0.0003896824292544472
BreastCancer,7,50,XGBoost,0.9578373015873015,0.9542734764907193,0.060143263473467656,0.09471304598264396,2.9960069233518943e-05
BreastCancer,7,50,LightGBM,0.982473544973545,0.9703247657980266,0.047554877445332974,0.013705075019970536,7.583026512803738e-06
BreastCancer,7,50,CatBoost,0.9930555555555555,0.9887938123154071,0.040981787313074086,0.24230357306078076,8.693201826852665e-06
BreastCancer,7,50,RandomForest,0.9953703703703703,0.9925909295590147,0.027600842105263153,0.38466583006083965,0.00039282989516658217
BreastCancer,7,100,XGBoost,0.9742063492063492,0.9747865764266382,0.04158482940605581,0.10156765813007951,2.9944061105580705e-05
BreastCancer,7,100,LightGBM,0.974537037037037,0.9702952044193781,0.06383651292484653,0.02199334278702736,8.033833613521174e-06
BreastCancer,7,100,CatBoost,0.9851190476190477,0.9800655229305402,0.04528018695527243,0.31266565807163715,9.085070096740597e-06
BreastCancer,7,100,RandomForest,0.9943783068783069,0.9909622168879927,0.032676175438596494,0.3815038218162954,0.0003878285356780939
BreastCancer,7,200,XGBoost,0.994047619047619,0.9908427442123097,0.03463407331960425,0.1244088220410049,2.9821965941473056e-05
BreastCancer,7,200,LightGBM,0.9976851851851852,0.9965986394557824,0.02866521081089681,0.042748314095661044,8.768483734967416e-06
BreastCancer,7,200,CatBoost,0.996031746031746,0.9937452933686581,0.028317034871890766,0.40527041000314057,9.3583846791533e-06
BreastCancer,7,200,RandomForest,0.9966931216931217,0.9948790802167304,0.024323403508771938,0.4112875119317323,0.0003981922728646743
BreastCancer,7,455,XGBoost,0.9973544973544974,0.9956555349412494,0.018305726981433137,0.1569713051430881,3.0856630601511714e-05
BreastCancer,7,455,LightGBM,0.9983465608465609,0.9973052787006276,0.029669410068424634,0.07010674616321921,9.042719428084398e-06
BreastCancer,7,455,CatBoost,0.998015873015873,0.9968221869131879,0.020967732711242137,0.4785904649179429,9.942097229915753e-06
BreastCancer,7,455,RandomForest,0.9973544973544973,0.9957255099089669,0.02259694736842106,0.4165356820449233,0.0003862491576001048
BreastCancer,7,455,XGBoost,0.9973544973544974,0.9956555349412494,0.018305726981433137,0.1576653600204736,3.1030859406057155e-05
BreastCancer,7,455,LightGBM,0.9983465608465609,0.9973052787006276,0.029669410068424634,0.07032843003980815,9.046885871181362e-06
BreastCancer,7,455,CatBoost,0.998015873015873,0.9968221869131879,0.020967732711242137,0.5282316650263965,1.0412570350525671e-05
BreastCancer,7,455,RandomForest,0.9973544973544973,0.9957255099089669,0.02259694736842106,0.4184603081084788,0.0003942396928834026
BreastCancer,8,50,XGBoost,0.9708994708994709,0.9622978315964754,0.05914106375701421,0.09461045195348561,3.0116061680018902e-05
BreastCancer,8,50,LightGBM,0.9851190476190477,0.9805162798696522,0.04667328296223511,0.014112247852608562,7.5297185072773385e-06
BreastCancer,8,50,CatBoost,0.9861111111111112,0.9801835543726055,0.05343144215649005,0.2456166681367904,9.28305171168687e-06
BreastCancer,8,50,RandomForest,0.9857804232804234,0.9791241336310265,0.04858115789473685,0.4133886790368706,0.0003953970960553801
BreastCancer,8,100,XGBoost,0.9684193121693121,0.9707336040458391,0.049184795921799675,0.10029719094745815,3.0067026321040957e-05
BreastCancer,8,100,LightGBM,0.9712301587301587,0.9736842980265906,0.04795150059911076,0.023296155035495758,8.070473804285652e-06
BreastCancer,8,100,CatBoost,0.9775132275132274,0.9727405262987918,0.04784821991836491,0.30133789498358965,9.263657327545316e-06
BreastCancer,8,100,RandomForest,0.9882605820105821,0.9828433140933142,0.043076526315789475,0.39136948506347835,0.0003903484821581004
BreastCancer,8,200,XGBoost,0.9818121693121693,0.9805618859874708,0.03962106427118733,0.11614608601666987,3.021721025569397e-05
BreastCancer,8,200,LightGBM,0.9801587301587301,0.9777621054043819,0.048549491529694844,0.04090875084511936,8.179787791481144e-06
BreastCancer,8,200,CatBoost,0.9910714285714286,0.988172289663122,0.03390982810286892,0.392840432934463,9.576489805783095e-06
BreastCancer,8,200,RandomForest,0.9887566137566137,0.9849722621773802,0.037319754385964916,0.40584947797469795,0.00038956639381419674
BreastCancer,8,455,XGBoost,0.9874338624338623,0.9855055229639025,0.02693155031058247,0.15121946996077895,3.008860604543435e-05
BreastCancer,8,455,LightGBM,0.9871031746031746,0.9847798259088582,0.027028344891446725,0.06785840098746121,8.635974505491423e-06
BreastCancer,8,455,CatBoost,0.9917328042328042,0.9911158493248046,0.024238441066828376,0.7737667229957879,1.0099264041504316e-05
BreastCancer,8,455,RandomForest,0.9912367724867726,0.9868786390199453,0.03360221052631579,0.406284439843148,0.00040198515757526224
BreastCancer,8,455,XGBoost,0.9874338624338623,0.9855055229639025,0.02693155031058247,0.152409709058702,3.0931720526464155e-05
BreastCancer,8,455,LightGBM,0.9871031746031746,0.9847798259088582,0.027028344891446725,0.0691329122055322,8.843281600428255e-06
BreastCancer,8,455,CatBoost,0.9917328042328042,0.9911158493248046,0.024238441066828376,0.6709253250155598,9.764034889246287e-06
BreastCancer,8,455,RandomForest,0.9912367724867726,0.9868786390199453,0.03360221052631579,0.41248158109374344,0.0003971418083988522
BreastCancer,9,50,XGBoost,0.9589201877934272,0.9314885303809792,0.08914675825945347,0.09340535197407007,3.0153212590818912e-05
BreastCancer,9,50,LightGBM,0.9783702213279678,0.97121565387259,0.05714540340902717,0.013883344130590558,7.564255522679439e-06
BreastCancer,9,50,CatBoost,0.9812206572769953,0.9749816373988761,0.04709333491245228,0.32536370889283717,8.015909883300815e-06
BreastCancer,9,50,RandomForest,0.9688128772635816,0.9636196188504842,0.05750807079646018,0.378649327903986,0.0003104314776714397
BreastCancer,9,100,XGBoost,0.9835680751173709,0.9758949048302088,0.045161246522122334,0.0969697569962591,3.015706150800781e-05
BreastCancer,9,100,LightGBM,0.982562038900067,0.9746598286742529,0.07830353597747922,0.017712508095428348,6.98407040496843e-06
BreastCancer,9,100,CatBoost,0.9782025486250838,0.9721033047996926,0.06725954425501258,0.33647076808847487,9.500850156872673e-06
BreastCancer,9,100,RandomForest,0.9822266934942991,0.9743574124151049,0.05501575221238938,0.3816858269274235,0.00039031439815211084
BreastCancer,9,200,XGBoost,0.9916163648558015,0.9893395898098104,0.025130378679067603,0.11429455294273794,3.0206114597684513e-05
BreastCancer,9,200,LightGBM,0.9949698189134808,0.992705048496088,0.04147756693366311,0.040215603075921535,8.45983138192544e-06
BreastCancer,9,200,CatBoost,0.9906103286384976,0.9872245302123351,0.04687668154504434,0.5703389388509095,9.660850138922708e-06
BreastCancer,9,200,RandomForest,0.988262910798122,0.9853604833115236,0.0379713628318584,0.41477158502675593,0.00040191010596741616
BreastCancer,9,456,XGBoost,0.994634473507713,0.9926841545673083,0.02126963307404476,0.15684135002084076,3.1209672364381563e-05
BreastCancer,9,456,LightGBM,0.9963112005365526,0.9950584007187782,0.010726950543625472,0.0697626699693501,9.057629210627184e-06
BreastCancer,9,456,CatBoost,0.9969818913480886,0.995400432900433,0.022665092285987613,0.47584310290403664,1.0156876250969625e-05
BreastCancer,9,456,RandomForest,0.9934607645875251,0.9912277587845293,0.033180778761061944,0.41180198988877237,0.00039475832744377906
BreastCancer,9,456,XGBoost,0.994634473507713,0.9926841545673083,0.02126963307404476,0.156188404886052,3.066303546383845e-05
BreastCancer,9,456,LightGBM,0.9963112005365526,0.9950584007187782,0.010726950543625472,0.06975630298256874,9.013673669732777e-06
BreastCancer,9,456,CatBoost,0.9969818913480886,0.995400432900433,0.022665092285987613,0.5145975081250072,9.692741755758767e-06
BreastCancer,9,456,RandomForest,0.9934607645875251,0.9912277587845293,0.033180778761061944,0.4091357148718089,0.0003904797326344832
BreastCancer,10,50,XGBoost,0.9521781853914182,0.9354956852681354,0.10051120098437141,0.09384353598579764,3.004902687838726e-05
BreastCancer,10,50,LightGBM,0.9708483458892893,0.9592202753731127,0.08572308366190513,0.01372532406821847,7.45119330914397e-06
BreastCancer,10,50,CatBoost,0.9623321323288568,0.9584102904989098,0.10761592996624512,0.23571040481328964,9.039604807632012e-06
BreastCancer,10,50,RandomForest,0.9660989190959711,0.9623601049548491,0.062064631578947364,0.3900834091473371,0.000389349326213593
BreastCancer,10,100,XGBoost,0.9728136259416966,0.9632475661763855,0.06101107787762067,0.10009912005625665,3.0260790433538587e-05
BreastCancer,10,100,LightGBM,0.9734687192924991,0.9683647491364913,0.07451648583972935,0.025540580973029137,8.142236701882722e-06
BreastCancer,10,100,CatBoost,0.9773992793973141,0.9745316687913098,0.048136194245688636,0.33079398912377656,8.562998437698474e-06
BreastCancer,10,100,RandomForest,0.9739600393056009,0.9714789447707587,0.052092526315789464,0.38037038315087557,0.0003896698952047971
BreastCancer,10,200,XGBoost,0.9790370127743203,0.9778383792023876,0.03619819793672109,0.1147139030508697,3.000061444349979e-05
BreastCancer,10,200,LightGBM,0.9734687192924992,0.9743492801849677,0.03944239444928324,0.03923578909598291,8.462946616897457e-06
BreastCancer,10,200,CatBoost,0.9773992793973141,0.9777487560319299,0.04331629761458427,0.4349949948955327,9.556429607695655e-06
BreastCancer,10,200,RandomForest,0.9747789059941041,0.9741733888683355,0.04749115789473684,0.41327032912522554,0.0003869978327042701
BreastCancer,10,455,XGBoost,0.9783819194235179,0.9779669879224289,0.037864741400815735,0.15042245504446328,3.058314854442551e-05
BreastCancer,10,455,LightGBM,0.9754339993449066,0.976409412946258,0.03719009170128628,0.06778726098127663,8.975061702362278e-06
BreastCancer,10,455,CatBoost,0.980019652800524,0.9794436874764123,0.03221241653929813,0.5699999029748142,8.818474925008782e-06
BreastCancer,10,455,RandomForest,0.9749426793318048,0.9731909137269676,0.04970252631578947,0.4072007271461189,0.00039372484101668785
BreastCancer,10,455,XGBoost,0.9783819194235179,0.9779669879224289,0.037864741400815735,0.14876997005194426,3.0651964296243694e-05
BreastCancer,10,455,LightGBM,0.9754339993449066,0.976409412946258,0.03719009170128628,0.06693220790475607,8.897876301616953e-06
BreastCancer,10,455,CatBoost,0.980019652800524,0.9794436874764123,0.03221241653929813,0.5223060338757932,9.697657732064263e-06
BreastCancer,10,455,RandomForest,0.9749426793318048,0.9731909137269676,0.04970252631578947,0.40829139202833176,0.00038652954288153794
BreastCancer,11,50,XGBoost,0.9715034392400916,0.961345214276798,0.06225879037080153,0.09558586217463017,3.006463265863427e-05
BreastCancer,11,50,LightGBM,0.9773992793973141,0.967400864201313,0.060313508869881426,0.013684921897947788,7.633640626935582e-06
BreastCancer,11,50,CatBoost,0.9895185063871601,0.9855332194177728,0.05356419539881217,0.6522464768495411,8.076852138497328e-06
BreastCancer,11,50,RandomForest,0.9855879462823453,0.9783567740023426,0.05279421052631579,0.3854329390451312,0.000397583165434761
BreastCancer,11,100,XGBoost,0.9859154929577465,0.9786545551319499,0.05925560867008901,0.10026221303269267,3.0116780595690535e-05
BreastCancer,11,100,LightGBM,0.986570586308549,0.9807218878943402,0.06940348773321159,0.02146657695993781,7.778694117931942e-06
BreastCancer,11,100,CatBoost,0.9970520799213889,0.9948864216685667,0.06416446644171873,0.4076002659276128,9.585437446571233e-06
BreastCancer,11,100,RandomForest,0.9957418932197839,0.9935449177098585,0.04982831578947368,0.3922860200982541,0.0003964366154385763
BreastCancer,11,200,XGBoost,0.9891909597117589,0.9850826081162537,0.049777312796240626,0.12050683493725955,3.036104444937225e-05
BreastCancer,11,200,LightGBM,0.9914837864395676,0.9874035909661838,0.057784286947992106,0.039446049835532904,8.490535005796374e-06
BreastCancer,11,200,CatBoost,0.9967245332459875,0.995013601094108,0.042614851997582505,0.4796843088697642,9.839439339805067e-06
BreastCancer,11,200,RandomForest,0.996069439895185,0.9943297844921589,0.03685157894736842,0.4142527519725263,0.00039375293795672946
BreastCancer,11,455,XGBoost,0.9980347199475925,0.9969636993387613,0.027315175565583535,0.15517603093758225,3.0770113593653627e-05
BreastCancer,11,455,LightGBM,0.99737962659679,0.9956107027150702,0.05029068445539231,0.070789716206491,8.972727268803538e-06
BreastCancer,11,455,CatBoost,0.9970520799213889,0.9951276109276307,0.036745356478729854,0.5668970469851047,8.852605038044745e-06
BreastCancer,11,455,RandomForest,0.9977071732721913,0.9963590240780426,0.03233698245614035,0.40853912685997784,0.0003917736058499207
BreastCancer,11,455,XGBoost,0.9980347199475925,0.9969636993387613,0.027315175565583535,0.15548848290927708,3.070969404162545e-05
BreastCancer,11,455,LightGBM,0.99737962659679,0.9956107027150702,0.05029068445539231,0.07100670505315065,9.119183870784023e-06
BreastCancer,11,455,CatBoost,0.9970520799213889,0.9951276109276307,0.036745356478729854,0.4817883230280131,1.0006368699434556e-05
BreastCancer,11,455,RandomForest,0.9977071732721913,0.9963590240780426,0.03233698245614035,0.41332052694633603,0.0003914114827159465
BreastCancer,12,50,XGBoost,0.986441798941799,0.9791540678056395,0.04531762595718285,0.09366446104831994,2.978860376108634e-05
BreastCancer,12,50,LightGBM,0.9790013227513228,0.9721720015598143,0.06751710883692877,0.013656663941219449,7.454851201098216e-06
BreastCancer,12,50,CatBoost,0.9811507936507937,0.9748514454205618,0.07385605780855556,0.23491282295435667,8.963438551546188e-06
BreastCancer,12,50,RandomForest,0.9874338624338624,0.9817074474818188,0.044884140350877184,0.383687661960721,0.0003873376653676755
BreastCancer,12,100,XGBoost,0.9930555555555555,0.9900608142986193,0.03200891074846685,0.09833474713377655,2.9989122004623998e-05
BreastCancer,12,100,LightGBM,0.9890873015873016,0.9877790682668731,0.03066013659908967,0.02207585098221898,7.74852621058623e-06
BreastCancer,12,100,CatBoost,0.9910714285714286,0.986641317697019,0.040642765730121495,0.318888952024281,8.361894032803544e-06
BreastCancer,12,100,RandomForest,0.9914021164021164,0.9875120823494665,0.03300343859649123,0.38231029105372727,0.00038811266667356615
BreastCancer,12,200,XGBoost,0.9947089947089947,0.9922525336099036,0.028858994469833567,0.10787165514193475,2.9920247023957863e-05
BreastCancer,12,200,LightGBM,0.9937169312169312,0.9906649675374026,0.0349677289816827,0.035617888905107975,7.883051263266488e-06
BreastCancer,12,200,CatBoost,0.9927248677248677,0.9900125572731,0.03315877886876643,0.39152461499907076,9.162902930065206e-06
BreastCancer,12,200,RandomForest,0.9915674603174602,0.9882121114606114,0.030588385964912285,0.406980857020244,0.0003931078949551049
BreastCancer,12,455,XGBoost,0.9937169312169313,0.9911355311355312,0.023031254761187444,0.1539986978750676,3.087815722417936e-05
BreastCancer,12,455,LightGBM,0.9917328042328042,0.9889638662145142,0.03312875502804209,0.07060324307531118,8.798876303460515e-06
BreastCancer,12,455,CatBoost,0.9953703703703703,0.9927532123960696,0.029343622800146792,0.4751701410859823,9.522454715088794e-06
BreastCancer,12,455,RandomForest,0.9915674603174603,0.9885401261954057,0.02966,0.41925299586728215,0.00039040956139695224
BreastCancer,12,455,XGBoost,0.9937169312169313,0.9911355311355312,0.023031254761187444,0.15494858985766768,3.09352293251115e-05
BreastCancer,12,455,LightGBM,0.9917328042328042,0.9889638662145142,0.03312875502804209,0.07049779198132455,9.016499429810465e-06
BreastCancer,12,455,CatBoost,0.9953703703703703,0.9927532123960696,0.029343622800146792,0.4985451449174434,9.998544364383346e-06
BreastCancer,12,455,RandomForest,0.9915674603174603,0.9885401261954057,0.02966,0.41457657190039754,0.0003918776321306563
BreastCancer,13,50,XGBoost,0.9781746031746031,0.9676938679776131,0.0663247742284935,0.09338214620947838,3.02759734423537e-05
BreastCancer,13,50,LightGBM,0.9847883597883599,0.9765930172231247,0.05458429594105625,0.01387326093390584,7.591236856553638e-06
BreastCancer,13,50,CatBoost,0.9831349206349206,0.9752089581732607,0.06799617905726207,0.24592470610514283,9.045070200635677e-06
BreastCancer,13,50,RandomForest,0.9874338624338623,0.9798303322624997,0.05403063157894737,0.38758460292592645,0.00039038687674818853
BreastCancer,13,100,XGBoost,0.9794973544973545,0.9688730148723178,0.05997920083036545,0.1039259999524802,3.0019500276498628e-05
BreastCancer,13,100,LightGBM,0.9857804232804234,0.9764647106038878,0.05854490758289581,0.025208039907738566,8.356455190662751e-06
BreastCancer,13,100,CatBoost,0.984457671957672,0.9752486693009512,0.05896475251313229,0.30516494903713465,9.58771060890796e-06
BreastCancer,13,100,RandomForest,0.9900793650793651,0.9828979902281219,0.04472547368421053,0.39038583589717746,0.00039625000780481
BreastCancer,13,200,XGBoost,0.9894179894179894,0.9826004658265691,0.03791776191236385,0.12513145105913281,2.9910482433542872e-05
BreastCancer,13,200,LightGBM,0.9900793650793651,0.9865838621847449,0.033627302849134434,0.04164678417146206,8.788043551408408e-06
BreastCancer,13,200,CatBoost,0.9933862433862434,0.9891320322504993,0.03227072427701439,0.3997741818893701,9.783692739642502e-06
BreastCancer,13,200,RandomForest,0.9937169312169313,0.9897964103856742,0.03689512280701754,0.4077853539492935,0.0003835346504817145
BreastCancer,13,455,XGBoost,0.9943783068783069,0.9901303340540878,0.025602414829777438,0.15401155105791986,3.070769455741372e-05
BreastCancer,13,455,LightGBM,0.9986772486772486,0.9977701354007975,0.017657225279868956,0.0702672719489783,8.93804367239538e-06
BreastCancer,13,455,CatBoost,0.9986772486772486,0.997810329205678,0.01434524136028779,0.47411262011155486,9.817375572757763e-06
BreastCancer,13,455,RandomForest,0.9957010582010583,0.993246277839301,0.031835964912280704,0.41624452685937285,0.00038428111369476507
BreastCancer,13,455,XGBoost,0.9943783068783069,0.9901303340540878,0.025602414829777438,0.15548574598506093,3.0777131190948316e-05
BreastCancer,13,455,LightGBM,0.9986772486772486,0.9977701354007975,0.017657225279868956,0.07085190992802382,9.00984945984786e-06
BreastCancer,13,455,CatBoost,0.9986772486772486,0.997810329205678,0.01434524136028779,0.46760292910039425,1.0199342413168205e-05
BreastCancer,13,455,RandomForest,0.9957010582010583,0.993246277839301,0.031835964912280704,0.41486177686601877,0.00038770787630295543
BreastCancer,14,50,XGBoost,0.9765258215962441,0.9657840780664051,0.06850958973644028,0.09414245281368494,3.053138106731714e-05
BreastCancer,14,50,LightGBM,0.9711602951039571,0.9474558777151816,0.08373130003036189,0.013708790997043252,7.71067303036694e-06
BreastCancer,14,50,CatBoost,0.987927565392354,0.9830175713138699,0.06472374447277723,0.23368723085150123,9.310753208346072e-06
BreastCancer,14,50,RandomForest,0.9919517102615695,0.9885653578522585,0.045881840707964604,0.3828896728809923,0.0003930686198306822
BreastCancer,14,100,XGBoost,0.9939637826961771,0.9908708020554933,0.03885362732995513,0.10167675605043769,3.0152310114518732e-05
BreastCancer,14,100,LightGBM,0.9896042924211939,0.9845431875785432,0.05698549894223758,0.024434887105599046,8.323141250067052e-06
BreastCancer,14,100,CatBoost,0.9976525821596244,0.9965986394557823,0.027113696461439896,0.2970020300708711,9.459822512833419e-06
BreastCancer,14,100,RandomForest,0.9989939637826961,0.9984126984126984,0.028174088495575223,0.3833879951853305,0.0003973544674175503
BreastCancer,14,200,XGBoost,0.9959758551307847,0.994273631904294,0.020998944119947245,0.1218780071940273,3.0053503382786184e-05
BreastCancer,14,200,LightGBM,0.9966465459423205,0.9952314259036948,0.015529434194979935,0.04265051311813295,8.647929695723332e-06
BreastCancer,14,200,CatBoost,0.9983232729711603,0.997467071935157,0.01228736123745371,0.391417769016698,9.630806744098663e-06
BreastCancer,14,200,RandomForest,0.9983232729711603,0.997467071935157,0.020021274336283184,0.4053202448412776,0.00039833940697454775
BreastCancer,14,456,XGBoost,1.0,1.0,0.008760456540727104,0.15922926180064678,3.109529894669499e-05
BreastCancer,14,456,LightGBM,0.999664654594232,0.9994462901439646,0.007930272437850874,0.07165232812985778,9.078796194717947e-06
BreastCancer,14,456,CatBoost,0.9993293091884642,0.9988793967199282,0.01102433205949828,0.48021640605293214,1.0094044944353864e-05
BreastCancer,14,456,RandomForest,0.9996646545942321,0.9994462901439647,0.0175443185840708,0.4098762599751353,0.0003896463905518825
BreastCancer,14,456,XGBoost,1.0,1.0,0.008760456540727104,0.15804104995913804,3.1202557636836986e-05
BreastCancer,14,456,LightGBM,0.999664654594232,0.9994462901439646,0.007930272437850874,0.07182982400991023,9.12022150525477e-06
BreastCancer,14,456,CatBoost,0.9993293091884642,0.9988793967199282,0.01102433205949828,0.47789165703579783,9.813088412701557e-06
BreastCancer,14,456,RandomForest,0.9996646545942321,0.9994462901439647,0.0175443185840708,0.4156839761417359,0.00038733318514001054
BreastCancer,15,50,XGBoost,0.9832951195545364,0.9820354345126843,0.035362753580994076,0.09771891101263463,2.9778500136576202e-05
BreastCancer,15,50,LightGBM,0.9793645594497216,0.9786143427705057,0.04085552679448289,0.013822525972500443,7.524904631601091e-06
BreastCancer,15,50,CatBoost,0.983950212905339,0.9805965198540343,0.03899057493075795,0.2363512071315199,8.943498853528709e-06
BreastCancer,15,50,RandomForest,0.9870619063216507,0.9820003938835477,0.04573308771929824,0.40983745316043496,0.00038856363103708676
BreastCancer,15,100,XGBoost,0.9775630527350148,0.9807368320125379,0.030948952171068696,0.10200794390402734,3.006406896339174e-05
BreastCancer,15,100,LightGBM,0.9803471994759253,0.9796976566805387,0.03249895109761352,0.02374335192143917,8.147675544023514e-06
BreastCancer,15,100,CatBoost,0.981329839502129,0.978547743150231,0.04517680913935216,0.3164502219296992,9.050333398606694e-06
BreastCancer,15,100,RandomForest,0.9868981329839502,0.9808526399733566,0.043624666666666666,0.3923397921025753,0.0003916889290210971
BreastCancer,15,200,XGBoost,0.9803471994759253,0.9779855916996821,0.03944088401653626,0.1223008141387254,3.2340709463154016e-05
BreastCancer,15,200,LightGBM,0.9816573861775303,0.97685258053207,0.044970265774731656,0.042090451112017035,8.396314162957041e-06
BreastCancer,15,200,CatBoost,0.989190959711759,0.9848910773032424,0.03871010250897383,0.41045445995405316,8.893007281840893e-06
BreastCancer,15,200,RandomForest,0.9872256796593514,0.9823042338358026,0.04261845614035087,0.4102670350112021,0.0003911261834825079
BreastCancer,15,455,XGBoost,0.9872256796593514,0.9836941306401608,0.03778602002428548,0.17233158997260034,3.132892143504139e-05
BreastCancer,15,455,LightGBM,0.985260399606944,0.980961643746415,0.05066198802413411,0.06596502917818725,8.866762775078155e-06
BreastCancer,15,455,CatBoost,0.9908286930887651,0.9885885223610215,0.040035213074597766,0.47586841601878405,9.833271370122307e-06
BreastCancer,15,455,RandomForest,0.9855879462823453,0.9813645207923745,0.03807757894736842,0.4216487710364163,0.0003965519830225068
BreastCancer,15,455,XGBoost,0.9872256796593514,0.9836941306401608,0.03778602002428548,0.15287194796837866,3.086669337854051e-05
BreastCancer,15,455,LightGBM,0.985260399606944,0.980961643746415,0.05066198802413411,0.06617722800001502,9.037466441983716e-06
BreastCancer,15,455,CatBoost,0.9908286930887651,0.9885885223610215,0.040035213074597766,0.487484771059826,9.83248301373239e-06
BreastCancer,15,455,RandomForest,0.9855879462823453,0.9813645207923745,0.03807757894736842,0.4166375659406185,0.0003867139386241896
BreastCancer,16,50,XGBoost,0.9947592531935802,0.9922515856236787,0.03146523532435228,0.09489252907224,3.0116174010592595e-05
BreastCancer,16,50,LightGBM,0.9990173599737963,0.9984833164812942,0.01593978775803908,0.013796162093058228,7.652105730876588e-06
BreastCancer,16,50,CatBoost,0.9947592531935802,0.9922626010296267,0.0405106631226635,0.2458754708059132,8.799147939211444e-06
BreastCancer,16,50,RandomForest,0.9931215198165739,0.9901542833670132,0.03397975438596492,0.3870898690074682,0.00039835719252822167
BreastCancer,16,100,XGBoost,0.996069439895185,0.9944245676803818,0.01805739594171684,0.09760604612529278,2.9901220267148393e-05
BreastCancer,16,100,LightGBM,0.9980347199475925,0.9969636993387612,0.017515913641133262,0.021084484877064824,7.536254104292184e-06
BreastCancer,16,100,CatBoost,0.99737962659679,0.9960952668593865,0.017357754025373085,0.3074678878765553,8.808728715960393e-06
BreastCancer,16,100,RandomForest,0.9954143465443825,0.9931637068023532,0.026342631578947368,0.3842720570974052,0.0003944707895514735
BreastCancer,16,200,XGBoost,0.9990173599737964,0.9984833164812942,0.012201840837116916,0.12761972099542618,3.0471849369636755e-05
BreastCancer,16,200,LightGBM,0.9990173599737964,0.9984833164812943,0.010882634516176472,0.04405965702608228,8.824246674122518e-06
BreastCancer,16,200,CatBoost,0.9996724533245988,0.9994714587737844,0.01096647948206428,0.3996763098984957,9.756543461168021e-06
BreastCancer,16,200,RandomForest,0.9980347199475925,0.9968725241728276,0.020047684210526318,0.41099320305511355,0.0003955552615878875
BreastCancer,16,455,XGBoost,0.9996724533245988,0.9994714587737844,0.011026196061566993,0.16048809280619025,3.0900122957271445e-05
BreastCancer,16,455,LightGBM,0.998689813298395,0.9980207817911926,0.01130595373382537,0.06971030007116497,9.045376556745746e-06
BreastCancer,16,455,CatBoost,0.9996724533245988,0.9994714587737844,0.011203483014765004,0.5052844719029963,9.35554373682591e-06
BreastCancer,16,455,RandomForest,0.9963969865705863,0.9944463861196327,0.026919649122807015,0.42100716079585254,0.0003971344558522105
BreastCancer,16,455,XGBoost,0.9996724533245988,0.9994714587737844,0.011026196061566993,0.15902405604720116,3.105920143098685e-05
BreastCancer,16,455,LightGBM,0.998689813298395,0.9980207817911926,0.01130595373382537,0.06897667399607599,8.954429639536038e-06
BreastCancer,16,455,CatBoost,0.9996724533245988,0.9994714587737844,0.011203483014765004,0.5407955320551991,1.0031491942834436e-05
BreastCancer,16,455,RandomForest,0.9963969865705863,0.9944463861196327,0.026919649122807015,0.4225703370757401,0.0003822416581801678
BreastCancer,17,50,XGBoost,0.9775132275132276,0.9572525667594862,0.061721145596229515,0.09292059717699885,2.9712737733988386e-05
BreastCancer,17,50,LightGBM,0.9857804232804233,0.9757158555273672,0.07270320337064502,0.013517019106075168,7.568490936567909e-06
BreastCancer,17,50,CatBoost,0.9841269841269842,0.9708000903149123,0.05653410191521161,0.26333244796842337,9.02749148703981e-06
BreastCancer,17,50,RandomForest,0.9871031746031746,0.9806728597705267,0.05444442105263158,0.38015779806301,0.00039586906215143306
BreastCancer,17,100,XGBoost,0.9920634920634921,0.9877990136455271,0.044807615796926686,0.09777702298015356,2.974923700094223e-05
BreastCancer,17,100,LightGBM,0.9923941798941799,0.9869630384516955,0.049537069878121065,0.024982339004054666,8.172674202605298e-06
BreastCancer,17,100,CatBoost,0.9907407407407408,0.9853617006279283,0.05593355851362938,0.3176411911845207,9.39443053906424e-06
BreastCancer,17,100,RandomForest,0.9940476190476191,0.9903761810249058,0.0423159649122807,0.38489717501215637,0.000387319490280852
BreastCancer,17,200,XGBoost,0.996031746031746,0.9923153946389213,0.02905413902395696,0.12213384709320962,2.994274581668147e-05
BreastCancer,17,200,LightGBM,0.9976851851851852,0.9962086016964067,0.03340562910026606,0.041220010025426745,8.566096719158323e-06
BreastCancer,17,200,CatBoost,0.9970238095238095,0.9949496879865286,0.029367155111339204,0.39699876587837934,9.533928772597982e-06
BreastCancer,17,200,RandomForest,0.9985119047619047,0.997265084895747,0.03314491228070175,0.4143273050431162,0.00039276111413512316
BreastCancer,17,455,XGBoost,0.9993386243386244,0.9988793967199284,0.012846472568234181,0.15556123293936253,3.053843893372176e-05
BreastCancer,17,455,LightGBM,0.9983465608465609,0.997265084895747,0.019013593393745337,0.07243020413443446,9.169965459589372e-06
BreastCancer,17,455,CatBoost,0.9993386243386244,0.9988793967199283,0.015192344160500589,0.4935755031183362,1.0197481810393041e-05
BreastCancer,17,455,RandomForest,0.998181216931217,0.9968221869131879,0.026474000000000004,0.4173046029172838,0.00039274130719142003
BreastCancer,17,455,XGBoost,0.9993386243386244,0.9988793967199284,0.012846472568234181,0.15650096395984292,3.062020333712561e-05
BreastCancer,17,455,LightGBM,0.9983465608465609,0.997265084895747,0.019013593393745337,0.07235627993941307,9.181455856091098e-06
BreastCancer,17,455,CatBoost,0.9993386243386244,0.9988793967199283,0.015192344160500589,0.5164945139549673,9.802692945589098e-06
BreastCancer,17,455,RandomForest,0.998181216931217,0.9968221869131879,0.026474000000000004,0.41264364612288773,0.00038981099057485135
BreastCancer,18,50,XGBoost,0.9768518518518519,0.9742980700973258,0.052385289058620575,0.09307043114677072,2.984866589765277e-05
BreastCancer,18,50,LightGBM,0.9887566137566138,0.9838985090408614,0.03881501264075022,0.0137167579960078,7.518552848252288e-06
BreastCancer,18,50,CatBoost,0.9613095238095238,0.9566747947532079,0.06900937214447345,0.2512400168925524,8.81484971103961e-06
BreastCancer,18,50,RandomForest,0.9751984126984127,0.9771397396050352,0.04907199999999999,0.38094175909645855,0.00038538753512527856
BreastCancer,18,100,XGBoost,0.9811507936507937,0.9769566641598063,0.0490256975650035,0.09660860104486346,3.0007052006559414e-05
BreastCancer,18,100,LightGBM,0.9745370370370371,0.9673349215860819,0.05342023429289531,0.02483626501634717,7.96960503385778e-06
BreastCancer,18,100,CatBoost,0.9751984126984127,0.973329764003705,0.0517331627155967,0.29304945399053395,9.05261268806562e-06
BreastCancer,18,100,RandomForest,0.9833002645502645,0.9829330523120234,0.04587045614035087,0.3808214380405843,0.00040511968300530786
BreastCancer,18,200,XGBoost,0.9811507936507936,0.97266989725204,0.05843681026103041,0.11059643188491464,2.9629543668737536e-05
BreastCancer,18,200,LightGBM,0.9930555555555556,0.9900344716911446,0.06048002631485059,0.040540413931012154,8.223788698383591e-06
BreastCancer,18,200,CatBoost,0.9894179894179893,0.9862660037096367,0.04339611118252224,0.39579590992070735,9.094369025868282e-06
BreastCancer,18,200,RandomForest,0.9872685185185185,0.9855106621673352,0.042607052631578955,0.40604914887808263,0.0003856459893939788
BreastCancer,18,455,XGBoost,0.9907407407407407,0.9876531270148292,0.03290985072257032,0.15337076201103628,3.041996489883515e-05
BreastCancer,18,455,LightGBM,0.9897486772486772,0.9870629823075475,0.026255547535208333,0.06857953383587301,8.939595876686406e-06
BreastCancer,18,455,CatBoost,0.9877645502645502,0.9871159979855633,0.0239758594684818,0.6277505860198289,9.8145080795675e-06
BreastCancer,18,455,RandomForest,0.986441798941799,0.986642746529506,0.036907684210526315,0.402072416851297,0.0003910615525551532
BreastCancer,18,455,XGBoost,0.9907407407407407,0.9876531270148292,0.03290985072257032,0.15215453295968473,3.037731604356515e-05
BreastCancer,18,455,LightGBM,0.9897486772486772,0.9870629823075475,0.026255547535208333,0.06759532983414829,8.953790376453022e-06
BreastCancer,18,455,CatBoost,0.9877645502645502,0.9871159979855633,0.0239758594684818,0.46538593992590904,9.915630104379696e-06
BreastCancer,18,455,RandomForest,0.986441798941799,0.986642746529506,0.036907684210526315,0.4023225100245327,0.0003908426406907669
BreastCancer,19,50,XGBoost,0.9798792756539235,0.9716453884395274,0.05499325238636633,0.09444741392508149,3.0119433603455533e-05
BreastCancer,19,50,LightGBM,0.9755197853789401,0.9824820504698554,0.02632986368621782,0.013987267157062888,7.521610426823649e-06
BreastCancer,19,50,CatBoost,0.9818913480885312,0.9724224326847796,0.06856083823032517,0.23948524799197912,8.847337809547915e-06
BreastCancer,19,50,RandomForest,0.9891012743125419,0.9836950830593162,0.046263433628318584,0.3853229850064963,0.00039740931036659575
BreastCancer,19,100,XGBoost,0.9879275653923542,0.9804304083994986,0.051495228065441254,0.10508066997863352,3.009246851820334e-05
BreastCancer,19,100,LightGBM,0.9922870556673373,0.9877339878892674,0.04431429174070334,0.02402482903562486,8.319228458984763e-06
BreastCancer,19,100,CatBoost,0.9902749832327298,0.9850476257696755,0.056966610851296624,0.4167964980006218,9.475743595873361e-06
BreastCancer,19,100,RandomForest,0.9932930918846412,0.9895460798335578,0.037103185840707965,0.38287438196130097,0.0003921283363669583
BreastCancer,19,200,XGBoost,0.9929577464788732,0.9882834118286881,0.033859320720517866,0.13082832586951554,3.0511328785688477e-05
BreastCancer,19,200,LightGBM,0.9969818913480885,0.9952324844159415,0.028089494694488272,0.04252969706431031,8.920689764539752e-06
BreastCancer,19,200,CatBoost,0.9949698189134809,0.9920247274684224,0.026732043799517376,0.5472357228863984,9.698105102355502e-06
BreastCancer,19,200,RandomForest,0.9946344735077131,0.9916383394759898,0.03436987610619469,0.41237432579509914,0.0003975429386724677
BreastCancer,19,456,XGBoost,0.9973172367538565,0.996031746031746,0.019971056595040722,0.15543491207063198,3.103718606639752e-05
BreastCancer,19,456,LightGBM,0.9979879275653923,0.9965643966950588,0.019102623185241356,0.0713196829892695,9.081946619975884e-06
BreastCancer,19,456,CatBoost,0.9973172367538564,0.9957242203229675,0.022405964280235568,0.5319759249687195,1.0046893648341694e-05
BreastCancer,19,456,RandomForest,0.994299128101945,0.9908822729304496,0.0317698407079646,0.4131945399567485,0.0003938507185671973
BreastCancer,19,456,XGBoost,0.9973172367538565,0.996031746031746,0.019971056595040722,0.15547960880212486,3.090602617743796e-05
BreastCancer,19,456,LightGBM,0.9979879275653923,0.9965643966950588,0.019102623185241356,0.07053221692331135,8.976169392070939e-06
BreastCancer,19,456,CatBoost,0.9973172367538564,0.9957242203229675,0.022405964280235568,0.5086735510267317,9.976453106619615e-06
BreastCancer,19,456,RandomForest,0.994299128101945,0.9908822729304496,0.0317698407079646,0.40648387908004224,0.00039883596468222353
BreastCancer,20,50,XGBoost,0.9905011464133638,0.9838928026796182,0.03539641759025849,0.09498143894597888,3.000357792827121e-05
BreastCancer,20,50,LightGBM,0.9888634130363577,0.9813937488211556,0.04195149767224317,0.013857969082891941,7.650974255643392e-06
BreastCancer,20,50,CatBoost,0.9898460530625613,0.9836999394991419,0.03932643257565211,0.24042354989796877,9.203770835148661e-06
BreastCancer,20,50,RandomForest,0.990501146413364,0.9845533034222937,0.043244035087719304,0.3859286780934781,0.0003851451400438683
BreastCancer,20,100,XGBoost,0.9934490664919751,0.9903337445311354,0.04014007168798973,0.09967263485305011,3.0008912609334577e-05
BreastCancer,20,100,LightGBM,0.9911562397641663,0.9864219014874298,0.06422627790846408,0.025186201091855764,7.959342104170406e-06
BreastCancer,20,100,CatBoost,0.9970520799213889,0.995138844990116,0.027539938906431128,0.4116228490602225,9.544263185377707e-06
BreastCancer,20,100,RandomForest,0.9914837864395676,0.9875409109483932,0.03925652631578947,0.39016639185138047,0.0003921196493728642
BreastCancer,20,200,XGBoost,0.9967245332459875,0.9956121105748136,0.01708074622947237,0.12378988997079432,3.0364824883770525e-05
BreastCancer,20,200,LightGBM,0.9980347199475925,0.9970366864972058,0.023170730046162696,0.04365338385105133,8.63435081810805e-06
BreastCancer,20,200,CatBoost,0.9950867998689813,0.9932642465151799,0.01983634086461781,0.3956875200383365,9.604282432088726e-06
BreastCancer,20,200,RandomForest,0.9914837864395677,0.9891337452303275,0.031200666666666665,0.40894157998263836,0.00039910028786643555
BreastCancer,20,455,XGBoost,0.9927939731411726,0.9907787993510005,0.028684358294503144,0.15464401082135737,3.082126485216513e-05
BreastCancer,20,455,LightGBM,0.9944317065181788,0.9922939508661521,0.02620528869994427,0.07032484305091202,8.969428834685108e-06
BreastCancer,20,455,CatBoost,0.9954143465443825,0.9934733623571037,0.023830586689584002,0.47158523206599057,1.0082931176089404e-05
BreastCancer,20,455,RandomForest,0.9929577464788732,0.9907048895209931,0.02814329824561404,0.41102229501120746,0.0003903963594909823
BreastCancer,20,455,XGBoost,0.9927939731411726,0.9907787993510005,0.028684358294503144,0.15292063797824085,3.033058856728307e-05
BreastCancer,20,455,LightGBM,0.9944317065181788,0.9922939508661521,0.02620528869994427,0.06931164488196373,8.77269306791979e-06
BreastCancer,20,455,CatBoost,0.9954143465443825,0.9934733623571037,0.023830586689584002,0.49567434820346534,9.666738231061844e-06
BreastCancer,20,455,RandomForest,0.9929577464788732,0.9907048895209931,0.02814329824561404,0.41966067207977176,0.0004014604921011548
BreastCancer,21,50,XGBoost,0.9816573861775303,0.976471962213406,0.037244554222022094,0.09447331796400249,3.0148999046599656e-05
BreastCancer,21,50,LightGBM,0.9773992793973141,0.9645965954424676,0.07089151865058467,0.014124816050752997,7.5064926293858314e-06
BreastCancer,21,50,CatBoost,0.9954143465443825,0.9931354992934094,0.02417600885494919,0.2347295880317688,8.876500814630275e-06
BreastCancer,21,50,RandomForest,0.9934490664919751,0.9907176674407477,0.03582540350877193,0.3840738390572369,0.00039378861414693427
BreastCancer,21,100,XGBoost,0.9790370127743202,0.9837086516312677,0.02184785320412127,0.10125394514761865,2.9625797954698403e-05
BreastCancer,21,100,LightGBM,0.982640026203734,0.9817764364041413,0.043187092596082784,0.02467544307000935,8.367974180401417e-06
BreastCancer,21,100,CatBoost,0.99475925319358,0.99278725601062,0.025253433348209977,0.32277799397706985,8.997096876172642e-06
BreastCancer,21,100,RandomForest,0.9967245332459875,0.9949743420288757,0.029289087719298244,0.38443693798035383,0.0003888703588592379
BreastCancer,21,200,XGBoost,0.9885358663609564,0.9888075380446791,0.024542780953450968,0.11824361281469464,3.0575508023040334e-05
BreastCancer,21,200,LightGBM,0.987880773010154,0.9848081463270996,0.032932347369754277,0.04046641010791063,8.46396576155696e-06
BreastCancer,21,200,CatBoost,0.9970520799213888,0.995649643307837,0.018662631361857328,0.4269620180130005,9.453920810891872e-06
BreastCancer,21,200,RandomForest,0.9967245332459875,0.9950482518588831,0.02752414035087719,0.4125458220951259,0.0004033385878102037
BreastCancer,21,455,XGBoost,0.9957418932197838,0.9935178729401887,0.03734872745455694,0.15385632193647325,3.0615123952820634e-05
BreastCancer,21,455,LightGBM,0.9944317065181788,0.9915523291769139,0.038600473495528836,0.0702334619127214,9.160983098442094e-06
BreastCancer,21,455,CatBoost,0.9977071732721913,0.9964703941942934,0.024688824622839566,0.4792907568626106,9.709965078192845e-06
BreastCancer,21,455,RandomForest,0.9983622666229938,0.997577519379845,0.02653157894736842,0.4177183487918228,0.00038362581593294937
BreastCancer,21,455,XGBoost,0.9957418932197838,0.9935178729401887,0.03734872745455694,0.15414109406992793,3.068849215643448e-05
BreastCancer,21,455,LightGBM,0.9944317065181788,0.9915523291769139,0.038600473495528836,0.07016984885558486,9.056358402104755e-06
BreastCancer,21,455,CatBoost,0.9977071732721913,0.9964703941942934,0.024688824622839566,0.4830188069026917,9.858604978051102e-06
BreastCancer,21,455,RandomForest,0.9983622666229938,0.997577519379845,0.02653157894736842,0.41414834395982325,0.0003933200343070846
BreastCancer,22,50,XGBoost,0.96875,0.9681161015787916,0.05169251175195832,0.09578692889772356,3.079613139689491e-05
BreastCancer,22,50,LightGBM,0.974537037037037,0.9778065569375066,0.04865391140475267,0.014124457025900483,7.5984300980181024e-06
BreastCancer,22,50,CatBoost,0.9679232804232804,0.9563452776837513,0.06007144869046594,0.25156446686014533,8.00946400615207e-06
BreastCancer,22,50,RandomForest,0.9730489417989417,0.96756293566628,0.05537150877192981,0.38534411205910146,0.00039174697329208516
BreastCancer,22,100,XGBoost,0.9682539682539683,0.9729250629303821,0.043904378836651596,0.10134514095261693,2.9730543151105704e-05
BreastCancer,22,100,LightGBM,0.9715608465608466,0.9761371681539748,0.04574779322871984,0.02274956088513136,7.960955579683446e-06
BreastCancer,22,100,CatBoost,0.9755291005291005,0.9728626820842323,0.06003724704972705,0.299242259003222,9.655035427657136e-06
BreastCancer,22,100,RandomForest,0.982308201058201,0.9741979664343867,0.050618666666666666,0.4171680740546435,0.0003946406762687522
BreastCancer,22,200,XGBoost,0.9742063492063492,0.976118610590461,0.038441235177280576,0.11630224785767496,3.0355850692119513e-05
BreastCancer,22,200,LightGBM,0.9679232804232804,0.9697318461407014,0.057761327527723186,0.04049947904422879,8.428606139332579e-06
BreastCancer,22,200,CatBoost,0.9808201058201058,0.9785682158739804,0.04241567651016873,0.3971365869510919,9.291237546947964e-06
BreastCancer,22,200,RandomForest,0.9861111111111112,0.9799601814594637,0.04740333333333333,0.4074936709366739,0.0003886817803344967
BreastCancer,22,455,XGBoost,0.9914021164021164,0.9892799947707291,0.02519306149899392,0.1508106030523777,3.085122852210413e-05
BreastCancer,22,455,LightGBM,0.9923941798941799,0.9898772242184126,0.022341422832855035,0.06760862097144127,8.69686788830318e-06
BreastCancer,22,455,CatBoost,0.9884259259259258,0.9862716006633594,0.029134876378812034,0.534063973929733,1.883114026369233e-05
BreastCancer,22,455,RandomForest,0.986441798941799,0.9821263083306051,0.039368947368421045,0.41866650711745024,0.0003890509455742543
BreastCancer,22,455,XGBoost,0.9914021164021164,0.9892799947707291,0.02519306149899392,0.151921029901132,3.0550158076119005e-05
BreastCancer,22,455,LightGBM,0.9923941798941799,0.9898772242184126,0.022341422832855035,0.06807646690867841,8.92043840793664e-06
BreastCancer,22,455,CatBoost,0.9884259259259258,0.9862716006633594,0.029134876378812034,0.47799023892730474,9.970586305778278e-06
BreastCancer,22,455,RandomForest,0.986441798941799,0.9821263083306051,0.039368947368421045,0.41735859820619226,0.00039242936723064956
BreastCancer,23,50,XGBoost,0.9467592592592593,0.9504216651679156,0.06277268855197493,0.09490839904174209,2.9415325179957507e-05
BreastCancer,23,50,LightGBM,0.9697420634920635,0.9668146395786931,0.05095478897363632,0.01374285900965333,7.421376690137804e-06
BreastCancer,23,50,CatBoost,0.9695767195767195,0.9681319382603845,0.06289655717380668,0.2518878551200032,8.88798304163573e-06
BreastCancer,23,50,RandomForest,0.9751984126984127,0.9751053425856432,0.04976747368421053,0.3836640231311321,0.00039541007942732486
BreastCancer,23,100,XGBoost,0.9760251322751323,0.9740791468165025,0.0481343359211897,0.10244407504796982,2.9344928630611354e-05
BreastCancer,23,100,LightGBM,0.978505291005291,0.9756274874728281,0.0585915056224695,0.02355376910418272,8.131675585581546e-06
BreastCancer,23,100,CatBoost,0.980489417989418,0.9819509615601116,0.038987850343905,0.36051998287439346,8.967903181256956e-06
BreastCancer,23,100,RandomForest,0.9816468253968254,0.9827235595092738,0.0373740350877193,0.38141777901910245,0.0003914032458213338
BreastCancer,23,200,XGBoost,0.9907407407407408,0.9890586134417672,0.027739169545773063,0.12554692989215255,2.9872482021649677e-05
BreastCancer,23,200,LightGBM,0.9940476190476191,0.9916151309008453,0.03106330294641462,0.04171784594655037,8.63718359093917e-06
BreastCancer,23,200,CatBoost,0.9871031746031746,0.9858242454172688,0.033124572531177794,0.42960338294506073,9.681386137871365e-06
BreastCancer,23,200,RandomForest,0.9829695767195767,0.983277748191653,0.03379129824561403,0.40818939497694373,0.00039977988579490206
BreastCancer,23,455,XGBoost,0.9927248677248677,0.9903824652614,0.028710147155480422,0.153736453037709,3.0175929791048955e-05
BreastCancer,23,455,LightGBM,0.9910714285714286,0.9893338850149482,0.03471462521715202,0.06709603196941316,8.831080457751165e-06
BreastCancer,23,455,CatBoost,0.9871031746031746,0.9877412843265065,0.02271962404989473,0.6168657608795911,9.849473523596922e-06
BreastCancer,23,455,RandomForest,0.9783399470899472,0.9828460038986355,0.028231298245614034,0.4212966051418334,0.000388426595906678
BreastCancer,23,455,XGBoost,0.9927248677248677,0.9903824652614,0.028710147155480422,0.1541934108827263,3.0918367484813194e-05
BreastCancer,23,455,LightGBM,0.9910714285714286,0.9893338850149482,0.03471462521715202,0.06788966408930719,9.030079174982874e-06
BreastCancer,23,455,CatBoost,0.9871031746031746,0.9877412843265065,0.02271962404989473,0.6070990960579365,9.643598132881156e-06
BreastCancer,23,455,RandomForest,0.9783399470899472,0.9828460038986355,0.028231298245614034,0.42096259514801204,0.0003843355450060284
BreastCancer,24,50,XGBoost,0.9787055667337358,0.9648744286033104,0.08639127064590929,0.09294819505885243,3.0187848724622643e-05
BreastCancer,24,50,LightGBM,0.98859825620389,0.9803700258740982,0.0765747639033715,0.013552621938288212,7.324157678316125e-06
BreastCancer,24,50,CatBoost,0.9805499664654594,0.9714722685072666,0.06469370087492018,0.26148633006960154,8.907593555946265e-06
BreastCancer,24,50,RandomForest,0.9839034205231388,0.9763939941811876,0.058507646017699116,0.38574914913624525,0.0003918793291446909
BreastCancer,24,100,XGBoost,0.9912810194500336,0.9866341811137954,0.03853205320540784,0.10761202895082533,3.0278875204050434e-05
BreastCancer,24,100,LightGBM,0.9828973843058351,0.9784724463358112,0.04495181829142021,0.025317921070382,8.30240902054099e-06
BreastCancer,24,100,CatBoost,0.9845741113346748,0.9788090178863307,0.04832466935484852,0.5228267770726234,1.0426079986237846e-05
BreastCancer,24,100,RandomForest,0.9870892018779343,0.980891963479209,0.04668346902654867,0.39094320707954466,0.0003901883275701409
BreastCancer,24,200,XGBoost,0.9839034205231388,0.9802869052863855,0.04115717650677048,0.12662564404308796,3.032668996437461e-05
BreastCancer,24,200,LightGBM,0.9832327297116029,0.9807216117773131,0.04181555270315261,0.04004703997634351,8.690045256398421e-06
BreastCancer,24,200,CatBoost,0.9889336016096579,0.9838819925858481,0.04443697439290489,0.41489921091124415,9.629770338667178e-06
BreastCancer,24,200,RandomForest,0.988262910798122,0.982592520857827,0.04526318584070796,0.40436580614186823,0.00039932413224493506
BreastCancer,24,456,XGBoost,0.9936284372904091,0.9920322090207782,0.023725159904401813,0.15442888881079853,3.145104356571636e-05
BreastCancer,24,456,LightGBM,0.9919517102615694,0.9913419913419913,0.02144704999490719,0.07032105303369462,9.146751835942268e-06
BreastCancer,24,456,CatBoost,0.9983232729711603,0.997467071935157,0.02662446485151305,0.4751491420902312,9.922230352474524e-06
BreastCancer,24,456,RandomForest,0.9932930918846412,0.9898400867390638,0.03463164601769912,0.4050793719943613,0.00039430910647245105
BreastCancer,24,456,XGBoost,0.9936284372904091,0.9920322090207782,0.023725159904401813,0.15571103990077972,3.100180405035483e-05
BreastCancer,24,456,LightGBM,0.9919517102615694,0.9913419913419913,0.02144704999490719,0.07059610588476062,9.054954748897426e-06
BreastCancer,24,456,CatBoost,0.9983232729711603,0.997467071935157,0.02662446485151305,0.5093563501723111,1.0021646976866554e-05
BreastCancer,24,456,RandomForest,0.9932930918846412,0.9898400867390638,0.03463164601769912,0.40788677893579006,0.00039307280666137166
BreastCancer,25,50,XGBoost,0.9891909597117589,0.9853270022733601,0.04624187683048777,0.09266546810977161,2.9856955893991287e-05
BreastCancer,25,50,LightGBM,0.9885358663609564,0.9809144724535948,0.04647948483919516,0.01382447686046362,7.526174988270852e-06
BreastCancer,25,50,CatBoost,0.9908286930887651,0.985559384223414,0.05258426038304476,0.27289893780834973,9.042551953410893e-06
BreastCancer,25,50,RandomForest,0.9921388797903701,0.9872984606601899,0.04544785964912281,0.3808902718592435,0.0003896087118048678
BreastCancer,25,100,XGBoost,0.9832951195545365,0.974936251873118,0.06657982640641621,0.09679041802883148,2.970931675742593e-05
BreastCancer,25,100,LightGBM,0.9901735997379626,0.9852666681686877,0.06278978657438636,0.022691264981403947,7.77510566669598e-06
BreastCancer,25,100,CatBoost,0.9901735997379626,0.985017517767116,0.04927976343972135,0.2890145839191973,8.795071360573434e-06
BreastCancer,25,100,RandomForest,0.9931215198165738,0.9892507912854285,0.038942070175438596,0.38783349096775055,0.0003885816406916108
BreastCancer,25,200,XGBoost,0.9980347199475925,0.9970366864972057,0.01752735323731529,0.11346093495376408,2.99412896039716e-05
BreastCancer,25,200,LightGBM,0.998689813298395,0.9980207817911926,0.010687870245145397,0.04181474517099559,8.328403182850594e-06
BreastCancer,25,200,CatBoost,1.0,1.0,0.007914849941428425,0.4198469400871545,9.740543502726054e-06
BreastCancer,25,200,RandomForest,0.9967245332459876,0.9949743420288757,0.03235038596491228,0.4086329040583223,0.0003861971240359963
BreastCancer,25,455,XGBoost,0.9950867998689813,0.9927222475010338,0.02666762292513249,0.15596986399032176,3.100492125540449e-05
BreastCancer,25,455,LightGBM,0.9967245332459876,0.994702652795804,0.030604356807455223,0.07066987594589591,8.970360157259724e-06
BreastCancer,25,455,CatBoost,0.9977071732721913,0.9963590240780426,0.019174444955041895,0.6114630161318928,1.0331036735391408e-05
BreastCancer,25,455,RandomForest,0.9950867998689813,0.9920161209707093,0.03369919298245614,0.4254567939788103,0.0003960916768400031
BreastCancer,25,455,XGBoost,0.9950867998689813,0.9927222475010338,0.02666762292513249,0.15397838596254587,3.0259930594056322e-05
BreastCancer,25,455,LightGBM,0.9967245332459876,0.994702652795804,0.030604356807455223,0.0707220530603081,8.949474840049157e-06
BreastCancer,25,455,CatBoost,0.9977071732721913,0.9963590240780426,0.019174444955041895,0.47252198006026447,1.0122675775435933e-05
BreastCancer,25,455,RandomForest,0.9950867998689813,0.9920161209707093,0.03369919298245614,0.42472971603274345,0.0004006889914244152
BreastCancer,26,50,XGBoost,0.9927939731411726,0.988551624975205,0.04062586778121003,0.09195690997876227,2.9501317297680335e-05
BreastCancer,26,50,LightGBM,0.9936128398296757,0.9899617787987436,0.05220262845115396,0.012866582022979856,7.249745785405762e-06
BreastCancer,26,50,CatBoost,0.9924664264657713,0.9883908594966108,0.038431414844654975,0.2954053459689021,8.83268372139387e-06
BreastCancer,26,50,RandomForest,0.9950867998689814,0.9924233176234257,0.033369403508771926,0.3830190149601549,0.00038614024596060056
BreastCancer,26,100,XGBoost,0.9993449066491975,0.9989664082687337,0.01828905844033696,0.10025903303176165,3.0000675714721804e-05
BreastCancer,26,100,LightGBM,0.9950867998689813,0.9923958706182505,0.03818001670376455,0.02331635099835694,7.991305258321135e-06
BreastCancer,26,100,CatBoost,0.996069439895185,0.9936401839124612,0.02583146395903618,0.2930304959882051,9.159420682280733e-06
BreastCancer,26,100,RandomForest,0.9991811333114969,0.9984255753860946,0.02353449122807018,0.3844542771112174,0.00038718302497280793
BreastCancer,26,200,XGBoost,0.9944317065181789,0.9905775566318685,0.03018545824224422,0.11545628309249878,3.070064019738582e-05
BreastCancer,26,200,LightGBM,0.9973796265967901,0.9957773532891092,0.03052407677522451,0.04243027186021209,8.671675204185017e-06
BreastCancer,26,200,CatBoost,0.9954143465443825,0.9922505948799489,0.026472755385306777,0.4531796080991626,8.99396591672772e-06
BreastCancer,26,200,RandomForest,0.9983622666229938,0.997355615960267,0.022206000000000004,0.4100382919423282,0.00038972764128917143
BreastCancer,26,455,XGBoost,0.9990173599737963,0.9983769160351097,0.012535467648015596,0.15646184305660427,3.076212382630298e-05
BreastCancer,26,455,LightGBM,0.9980347199475925,0.9967884009857918,0.02090912183145595,0.07026740000583231,9.008736365981269e-06
BreastCancer,26,455,CatBoost,0.998689813298395,0.9978097010606344,0.014174745143473742,0.5217909321654588,9.683254910142799e-06
BreastCancer,26,455,RandomForest,0.9985260399606943,0.9972283057117971,0.017620842105263164,0.40632528509013355,0.00038666834262314075
BreastCancer,26,455,XGBoost,0.9990173599737963,0.9983769160351097,0.012535467648015596,0.1567711930256337,3.0415726972645835e-05
BreastCancer,26,455,LightGBM,0.9980347199475925,0.9967884009857918,0.02090912183145595,0.07016877015121281,8.937816968873927e-06
BreastCancer,26,455,CatBoost,0.998689813298395,0.9978097010606344,0.014174745143473742,0.5169383271131665,9.750630788243653e-06
BreastCancer,26,455,RandomForest,0.9985260399606943,0.9972283057117971,0.017620842105263164,0.41418009204789996,0.00040256576367506857
BreastCancer,27,50,XGBoost,0.9841269841269841,0.9761622711241341,0.05697592706473276,0.09394710091874003,2.962239535950255e-05
BreastCancer,27,50,LightGBM,0.9950396825396826,0.9925848007658641,0.03144330299367477,0.014028218109160662,7.582613953242176e-06
BreastCancer,27,50,CatBoost,0.9659391534391535,0.9651569288316364,0.06303125230548229,0.33974872389808297,8.08823633154756e-06
BreastCancer,27,50,RandomForest,0.9708994708994708,0.9648678112088053,0.055512350877192994,0.37760009593330324,0.0003884194741483059
BreastCancer,27,100,XGBoost,0.9877645502645502,0.9819744972382766,0.046446625565579186,0.09792794100940228,2.975376290187501e-05
BreastCancer,27,100,LightGBM,0.9890873015873016,0.9838440764335359,0.05281429339282835,0.02159461402334273,7.662017372224414e-06
BreastCancer,27,100,CatBoost,0.968915343915344,0.9624566506942351,0.06260373991947644,0.5169198978692293,9.16307040473871e-06
BreastCancer,27,100,RandomForest,0.9717261904761905,0.9696968697328293,0.05083870175438596,0.37884888891130686,0.000397587728098427
BreastCancer,27,200,XGBoost,0.9867724867724867,0.9834827915514244,0.037671849013853904,0.11210321797989309,2.97865613870192e-05
BreastCancer,27,200,LightGBM,0.9864417989417988,0.9842028101483615,0.03332913215023418,0.041888637002557516,8.392008838423512e-06
BreastCancer,27,200,CatBoost,0.9824735449735449,0.979169503516215,0.04569987433456749,0.40053355996496975,9.471624109305834e-06
BreastCancer,27,200,RandomForest,0.9737103174603174,0.975055151894714,0.042824631578947364,0.41439519613049924,0.00038815662264823914
BreastCancer,27,455,XGBoost,0.9877645502645502,0.9833437388747779,0.04267177357824743,0.15097864205017686,3.0467693138410124e-05
BreastCancer,27,455,LightGBM,0.9844576719576719,0.9815570318183559,0.03854882439188386,0.06537500279955566,8.694948056680069e-06
BreastCancer,27,455,CatBoost,0.9837962962962963,0.9809758188432135,0.038775627387352074,0.6688576661981642,9.78048212760896e-06
BreastCancer,27,455,RandomForest,0.9747023809523809,0.9715757570357417,0.04631284210526315,0.41509477980434895,0.0003957095609062858
BreastCancer,27,455,XGBoost,0.9877645502645502,0.9833437388747779,0.04267177357824743,0.15369611093774438,3.050253603999552e-05
BreastCancer,27,455,LightGBM,0.9844576719576719,0.9815570318183559,0.03854882439188386,0.06649470306001604,8.732554290378303e-06
BreastCancer,27,455,CatBoost,0.9837962962962963,0.9809758188432135,0.038775627387352074,0.5013423589989543,1.0239677258620136e-05
BreastCancer,27,455,RandomForest,0.9747023809523809,0.9715757570357417,0.04631284210526315,0.41083941399119794,0.0004001113957839838
BreastCancer,28,50,XGBoost,0.9621362433862434,0.9573920956030417,0.07179547202101662,0.09381040511652827,3.03402387847503e-05
BreastCancer,28,50,LightGBM,0.9735449735449735,0.9730542938970758,0.0583649505635855,0.01362664601765573,7.472384982464607e-06
BreastCancer,28,50,CatBoost,0.9798280423280423,0.970739574369442,0.058058771367573335,0.433742691995576,9.225597686804177e-06
BreastCancer,28,50,RandomForest,0.9866071428571429,0.9802190495856057,0.04626399999999999,0.37794327293522656,0.0003942122801386735
BreastCancer,28,100,XGBoost,0.9735449735449735,0.9720296396908116,0.0485826882856277,0.09945838782005012,2.9838517340913152e-05
BreastCancer,28,100,LightGBM,0.9699074074074073,0.9724685797477391,0.045693576172684505,0.02253860211931169,8.1078492497143e-06
BreastCancer,28,100,CatBoost,0.9781746031746031,0.9750418669474714,0.04624788291226613,0.308485961984843,9.397931168215317e-06
BreastCancer,28,100,RandomForest,0.9829695767195766,0.9768758652142802,0.04561266666666666,0.3823794450145215,0.000392809630731088
BreastCancer,28,200,XGBoost,0.9738756613756613,0.9763981262580645,0.04090336869352982,0.11263963696546853,2.9697632335387824e-05
BreastCancer,28,200,LightGBM,0.978505291005291,0.9801200755272352,0.03241633944422897,0.041339063085615635,8.084490617508428e-06
BreastCancer,28,200,CatBoost,0.9794973544973544,0.9776829211353021,0.041007568632845805,0.674369852989912,9.946841664873718e-06
BreastCancer,28,200,RandomForest,0.9852843915343914,0.9812610975938502,0.04111592982456141,0.40644476213492453,0.00038911814989293355
BreastCancer,28,455,XGBoost,0.9755291005291006,0.9761459023909391,0.034561692141404296,0.1522180698812008,3.0656955858463784e-05
BreastCancer,28,455,LightGBM,0.9758597883597883,0.976584539720371,0.03143410547114256,0.06735517317429185,8.928965319666946e-06
BreastCancer,28,455,CatBoost,0.9804894179894179,0.9806031697690466,0.035669104437766726,0.488728913012892,9.85270251699707e-06
BreastCancer,28,455,RandomForest,0.9875992063492064,0.9859892689470154,0.032447157894736844,0.411320909159258,0.00038498572049368366
BreastCancer,28,455,XGBoost,0.9755291005291006,0.9761459023909391,0.034561692141404296,0.15116227185353637,3.091752602669754e-05
BreastCancer,28,455,LightGBM,0.9758597883597883,0.976584539720371,0.03143410547114256,0.0668963398784399,8.854833268151994e-06
BreastCancer,28,455,CatBoost,0.9804894179894179,0.9806031697690466,0.035669104437766726,0.8864978139754385,9.619061050838546e-06
BreastCancer,28,455,RandomForest,0.9875992063492064,0.9859892689470154,0.032447157894736844,0.4375813780352473,0.0003859787268498749
BreastCancer,29,50,XGBoost,0.9922870556673373,0.9877762121446789,0.0356627568569172,0.09431641711853445,3.014911435940097e-05
BreastCancer,29,50,LightGBM,0.9865861837692824,0.976113493276995,0.04161814189889117,0.013629005989059806,7.546432645974961e-06
BreastCancer,29,50,CatBoost,0.9936284372904092,0.9901167812476706,0.03406601521716217,0.3601597719825804,9.167486125916506e-06
BreastCancer,29,50,RandomForest,0.994634473507713,0.9920343694211513,0.042156672566371685,0.3830537600442767,0.0003932438053157741
BreastCancer,29,100,XGBoost,0.9912810194500336,0.9873551889323025,0.0349338049936715,0.10577677981927991,3.0476158995807698e-05
BreastCancer,29,100,LightGBM,0.9906103286384976,0.9862529313050936,0.04279184399972863,0.023906933143734932,8.430531808892183e-06
BreastCancer,29,100,CatBoost,0.9872568745808183,0.9846161041248651,0.032731956925877444,0.422177960164845,8.226133289590345e-06
BreastCancer,29,100,RandomForest,0.9912810194500336,0.9873191482486137,0.04143918584070796,0.38610543706454337,0.0003937565478438561
BreastCancer,29,200,XGBoost,0.9932930918846412,0.9896800127319797,0.029773994384328536,0.1265697341877967,3.071761055462128e-05
BreastCancer,29,200,LightGBM,0.9922870556673373,0.9898894397683744,0.027299898590084287,0.04133875202387571,8.709868828279782e-06
BreastCancer,29,200,CatBoost,0.9922870556673373,0.9885331838165875,0.03196330126064473,0.6292701908387244,1.0464062287876036e-05
BreastCancer,29,200,RandomForest,0.9927900737759893,0.9890884803804026,0.039562725663716825,0.4093261859379709,0.000394694521545177
BreastCancer,29,456,XGBoost,0.9929577464788732,0.9912337662337661,0.021634807431905757,0.15382586303167045,3.063384097366206e-05
BreastCancer,29,456,LightGBM,0.9956405097250168,0.9943722943722944,0.01095469758988973,0.07102938904426992,9.082867640309629e-06
BreastCancer,29,456,CatBoost,0.9956405097250168,0.9936024844720498,0.02036042491935305,0.48641933500766754,9.674203903537935e-06
BreastCancer,29,456,RandomForest,0.9932930918846412,0.9897512431208083,0.03466867256637168,0.41457291110418737,0.000393286345328773
BreastCancer,29,456,XGBoost,0.9929577464788732,0.9912337662337661,0.021634807431905757,0.15376446512527764,3.1163965442539315e-05
BreastCancer,29,456,LightGBM,0.9956405097250168,0.9943722943722944,0.01095469758988973,0.07177860289812088,9.01148753422024e-06
BreastCancer,29,456,CatBoost,0.9956405097250168,0.9936024844720498,0.02036042491935305,0.8138565619010478,1.0009442942332378e-05
BreastCancer,29,456,RandomForest,0.9932930918846412,0.9897512431208083,0.03466867256637168,0.41537239612080157,0.0003948501595584428
BreastCancer,30,50,XGBoost,0.9777268260727153,0.9679841510102514,0.07785834711580676,0.09549757395870984,2.9916456377689254e-05
BreastCancer,30,50,LightGBM,0.9872256796593515,0.9819413776398336,0.05125928531040365,0.013847906840965152,7.538929614320136e-06
BreastCancer,30,50,CatBoost,0.9754339993449066,0.9638395095442875,0.07810917479280999,0.3212331240065396,8.88653499842213e-06
BreastCancer,30,50,RandomForest,0.973141172617098,0.9604199230041259,0.0680521754385965,0.3866814859211445,0.0003885125267531788
BreastCancer,30,100,XGBoost,0.9849328529315426,0.9777273477551088,0.062099464897754066,0.10125993983820081,2.9529034356145483e-05
BreastCancer,30,100,LightGBM,0.983950212905339,0.97600394083573,0.07883979397752044,0.024018533062189817,8.226868598476836e-06
BreastCancer,30,100,CatBoost,0.9803471994759253,0.97165627811934,0.08119472242261933,0.36755506694316864,8.285456140966793e-06
BreastCancer,30,100,RandomForest,0.9777268260727153,0.9661812466302071,0.06288971929824562,0.38402807200327516,0.0003892738768308048
BreastCancer,30,200,XGBoost,0.987880773010154,0.9849450869423668,0.03616431083197194,0.12208802020177245,3.022314947948121e-05
BreastCancer,30,200,LightGBM,0.9895185063871601,0.9875664069365462,0.030030349663670936,0.0450865610036999,8.557718900734918e-06
BreastCancer,30,200,CatBoost,0.9885358663609565,0.9837618276532082,0.05326531765153244,0.4247022510971874,9.481016987640606e-06
BreastCancer,30,200,RandomForest,0.9823124795283328,0.9753635861057044,0.052782736842105264,0.411590384086594,0.0003902536486030409
BreastCancer,30,455,XGBoost,0.9941041598427776,0.991623468065349,0.029195381202284636,0.15314472210593522,3.0424086409702634e-05
BreastCancer,30,455,LightGBM,0.9937766131673763,0.9920315808757345,0.02179512459826349,0.07014026306569576,8.865570028622946e-06
BreastCancer,30,455,CatBoost,0.9957418932197838,0.9935966607855299,0.029074343589707227,0.5083732809871435,9.822113880593525e-06
BreastCancer,30,455,RandomForest,0.9875532263347527,0.9822871102419823,0.03891392982456139,0.41066633304581046,0.0003835577456476657
BreastCancer,30,455,XGBoost,0.9941041598427776,0.991623468065349,0.029195381202284636,0.15306993899866939,3.0625711619984686e-05
BreastCancer,30,455,LightGBM,0.9937766131673763,0.9920315808757345,0.02179512459826349,0.07076739496551454,8.851587935759311e-06
BreastCancer,30,455,CatBoost,0.9957418932197838,0.9935966607855299,0.029074343589707227,0.8304099510423839,1.076333379993836e-05
BreastCancer,30,455,RandomForest,0.9875532263347527,0.9822871102419823,0.03891392982456139,0.4147462591063231,0.00038712400036226765
BreastCancer,31,50,XGBoost,0.9790370127743203,0.9747685959160868,0.05363697690255868,0.09485736396163702,2.9806666517336117e-05
BreastCancer,31,50,LightGBM,0.9737962659679005,0.9548393738585262,0.09320538849420325,0.01374872401356697,7.566193265742377e-06
BreastCancer,31,50,CatBoost,0.9783819194235178,0.979129444573606,0.040271985661857926,0.26775374985300004,8.870910836808515e-06
BreastCancer,31,50,RandomForest,0.9872256796593515,0.9852761578639615,0.044853684210526316,0.38063932000659406,0.00039299096495501305
BreastCancer,31,100,XGBoost,0.9855879462823453,0.980241321970866,0.04831910031438628,0.1065977190155536,3.0191658113739994e-05
BreastCancer,31,100,LightGBM,0.9855879462823453,0.9823005285339033,0.03812777711315443,0.024948335951194167,8.368325468740965e-06
BreastCancer,31,100,CatBoost,0.9770717327219128,0.9735838696132197,0.048342853403273725,0.29107853095047176,9.254219516981066e-06
BreastCancer,31,100,RandomForest,0.9828037995414347,0.9765755561211376,0.045867789473684216,0.3839635339099914,0.00039972527271234676
BreastCancer,31,200,XGBoost,0.9898460530625613,0.9858377577201318,0.037979766812075336,0.12478697788901627,2.9920124481513833e-05
BreastCancer,31,200,LightGBM,0.9849328529315428,0.9776569316722267,0.06666310570338255,0.0385220309253782,8.48130755976104e-06
BreastCancer,31,200,CatBoost,0.983950212905339,0.975386618598439,0.046090179821827025,0.5615301751531661,1.0033244299784041e-05
BreastCancer,31,200,RandomForest,0.9787094660989191,0.9736612111693811,0.04331547368421053,0.4130232320167124,0.0003884285096111789
BreastCancer,31,455,XGBoost,0.9846053062561415,0.9842423574209928,0.03628036103657797,0.15398363303393126,3.037136865028164e-05
BreastCancer,31,455,LightGBM,0.9934490664919751,0.9908365760741898,0.033068177387611246,0.0667966220062226,8.972157446438806e-06
BreastCancer,31,455,CatBoost,0.990501146413364,0.9871247332444398,0.03705134967975314,1.097858675988391,1.004076227872518e-05
BreastCancer,31,455,RandomForest,0.9877169996724534,0.9850802315882007,0.03818122807017543,0.4146857769228518,0.00039637242157927207
BreastCancer,31,455,XGBoost,0.9846053062561415,0.9842423574209928,0.03628036103657797,0.1533915470354259,3.0978972892881485e-05
BreastCancer,31,455,LightGBM,0.9934490664919751,0.9908365760741898,0.033068177387611246,0.06720409891568124,8.908053451593508e-06
BreastCancer,31,455,CatBoost,0.990501146413364,0.9871247332444398,0.03705134967975314,0.5260970019735396,9.920825904006497e-06
BreastCancer,31,455,RandomForest,0.9877169996724534,0.9850802315882007,0.03818122807017543,0.4160681900102645,0.0003990268849424626
BreastCancer,32,50,XGBoost,0.9851190476190476,0.9802182367199754,0.03932665408070645,0.09322553896345198,2.9836060364910384e-05
BreastCancer,32,50,LightGBM,0.984457671957672,0.9799608045557455,0.045567534211548584,0.01377344992943108,7.472525906275239e-06
BreastCancer,32,50,CatBoost,0.9907407407407407,0.9868771811325003,0.03234324047479132,0.2811055248603225,9.043087055416484e-06
BreastCancer,32,50,RandomForest,0.990410052910053,0.9859229682211048,0.03677322807017543,0.38863857998512685,0.00038905065759951087
BreastCancer,32,100,XGBoost,0.9841269841269841,0.9763482502907759,0.055478914909154214,0.09635376511141658,2.9448816029910457e-05
BreastCancer,32,100,LightGBM,0.9851190476190477,0.9795579323550989,0.0655749522188209,0.022375585976988077,7.6736221416739e-06
BreastCancer,32,100,CatBoost,0.9900793650793651,0.9845093690318727,0.055221849239777424,0.2965530869551003,9.931474842392562e-06
BreastCancer,32,100,RandomForest,0.9918981481481481,0.9874142985451879,0.037587929824561404,0.39051944692619145,0.0003984967111854961
BreastCancer,32,200,XGBoost,0.9897486772486772,0.9861113347711781,0.035581562543158224,0.11533748893998563,2.9864308440632987e-05
BreastCancer,32,200,LightGBM,0.9890873015873016,0.9849040972058339,0.03844069053362731,0.04191054590046406,8.465121745278961e-06
BreastCancer,32,200,CatBoost,0.9947089947089948,0.9919743001553634,0.027496700421919377,0.7244077818468213,1.0277587806054375e-05
BreastCancer,32,200,RandomForest,0.9920634920634921,0.9891032268947785,0.03092726315789474,0.412509088171646,0.000389231052331365
BreastCancer,32,455,XGBoost,0.9947089947089948,0.9920688438545582,0.026681778151014145,0.15595790510997176,3.109378086631758e-05
BreastCancer,32,455,LightGBM,0.9890873015873016,0.9859090942388197,0.03446684413514733,0.07065161596983671,9.05253507785107e-06
BreastCancer,32,455,CatBoost,0.9960317460317459,0.993907098290252,0.021901209019836207,0.5425166219938546,9.756527122175484e-06
BreastCancer,32,455,RandomForest,0.996362433862434,0.9945670995670995,0.026064315789473685,0.4163127669598907,0.00039419529779830524
BreastCancer,32,455,XGBoost,0.9947089947089948,0.9920688438545582,0.026681778151014145,0.15503426105715334,3.12349027872347e-05
BreastCancer,32,455,LightGBM,0.9890873015873016,0.9859090942388197,0.03446684413514733,0.070925337029621,9.088105064604366e-06
BreastCancer,32,455,CatBoost,0.9960317460317459,0.993907098290252,0.021901209019836207,0.4828785811550915,1.0039508261047958e-05
BreastCancer,32,455,RandomForest,0.996362433862434,0.9945670995670995,0.026064315789473685,0.41603644913993776,0.00039788315750723867
BreastCancer,33,50,XGBoost,0.9813161375661377,0.9814048809948656,0.03505168670350177,0.09534933092072606,2.951729070525943e-05
BreastCancer,33,50,LightGBM,0.9914021164021164,0.98828310661047,0.02988351922755668,0.013705477816984057,7.655369444635876e-06
BreastCancer,33,50,CatBoost,0.9854497354497355,0.9827892765928262,0.03150341745777649,0.3269615131430328,8.98901724436304e-06
BreastCancer,33,50,RandomForest,0.9910714285714286,0.9857605771994005,0.03714870175438596,0.38710035802796483,0.00039278467496236164
BreastCancer,33,100,XGBoost,0.9814814814814814,0.9863945578231292,0.016549740247822974,0.10353372083045542,2.9835018754136144e-05
BreastCancer,33,100,LightGBM,0.9775132275132274,0.9852813852813853,0.00896273209904807,0.02573308697901666,8.304860736978681e-06
BreastCancer,33,100,CatBoost,0.980489417989418,0.9860914662894862,0.012842498382794082,0.9096785211004317,8.926465453808768e-06
BreastCancer,33,100,RandomForest,0.9927248677248677,0.9909560723514211,0.027912315789473684,0.3832127349451184,0.0003825462986960223
BreastCancer,33,200,XGBoost,0.9844576719576719,0.9861302433622344,0.02794481710611682,0.12326583196409047,3.021553346658485e-05
BreastCancer,33,200,LightGBM,0.9871031746031745,0.988536155202822,0.014004853670149687,0.043210244039073586,8.907369256281017e-06
BreastCancer,33,200,CatBoost,0.9894179894179894,0.9897039897039898,0.020710362177286806,0.5496288498397917,9.78895593761352e-06
BreastCancer,33,200,RandomForest,0.9894179894179894,0.9877893513029398,0.03188417543859649,0.4092904238495976,0.00039325257060689883
BreastCancer,33,455,XGBoost,0.9920634920634921,0.9900361305483165,0.025354729037436925,0.15580932889133692,3.078492080564039e-05
BreastCancer,33,455,LightGBM,0.9914021164021164,0.989951714951715,0.025083396763299775,0.06952172005549073,8.978983060571186e-06
BreastCancer,33,455,CatBoost,0.988425925925926,0.9883761960068581,0.020855984733737686,0.49656740110367537,1.023276382240287e-05
BreastCancer,33,455,RandomForest,0.9923941798941799,0.9902305665907367,0.0263720701754386,0.4229804000351578,0.00039756566841612785
BreastCancer,33,455,XGBoost,0.9920634920634921,0.9900361305483165,0.025354729037436925,0.15350680192932487,3.065668422271285e-05
BreastCancer,33,455,LightGBM,0.9914021164021164,0.989951714951715,0.025083396763299775,0.06852240790612996,8.860701008846886e-06
BreastCancer,33,455,CatBoost,0.988425925925926,0.9883761960068581,0.020855984733737686,0.47311054007150233,9.907885421917104e-06
BreastCancer,33,455,RandomForest,0.9923941798941799,0.9902305665907367,0.0263720701754386,0.4255342341493815,0.0003905865882539697
BreastCancer,34,50,XGBoost,0.9845741113346747,0.9763091163359641,0.122325530770138,0.09549054293893278,3.0499796457259e-05
BreastCancer,34,50,LightGBM,0.9855801475519785,0.9762846336926213,0.10624745328079824,0.013624062994495034,7.5881773259787434e-06
BreastCancer,34,50,CatBoost,0.9969818913480885,0.995035728114534,0.09173089059934715,0.31537329591810703,9.293387751136206e-06
BreastCancer,34,50,RandomForest,0.9956405097250168,0.992859863953544,0.06799256637168141,0.38923102989792824,0.0003904537071135983
BreastCancer,34,100,XGBoost,0.9818913480885312,0.9714193604762019,0.06162099164230388,0.11045721406117082,3.0400433404519495e-05
BreastCancer,34,100,LightGBM,0.9959758551307847,0.9947089947089948,0.04709023359553065,0.02513061696663499,8.475105484238768e-06
BreastCancer,34,100,CatBoost,0.9922870556673373,0.9895058599936649,0.05282574379929652,0.33576013008132577,9.387344187867325e-06
BreastCancer,34,100,RandomForest,0.9983232729711603,0.9972296091127628,0.03415338053097345,0.3890479039400816,0.0003954606641710332
BreastCancer,34,200,XGBoost,0.9966465459423206,0.994200736592326,0.026302524373482256,0.12776362290605903,3.026178790734405e-05
BreastCancer,34,200,LightGBM,0.9963112005365526,0.9941520749407504,0.03182722481241288,0.041609885869547725,8.767823054067857e-06
BreastCancer,34,200,CatBoost,0.9956405097250167,0.9930534642491164,0.028030383963714236,0.6447846000082791,9.632300569024761e-06
BreastCancer,34,200,RandomForest,0.9976525821596245,0.9965986394557822,0.02935008849557522,0.41471803607419133,0.00039100555694802144
BreastCancer,34,456,XGBoost,0.9963112005365526,0.994020126669275,0.02584718522167834,0.15641312906518579,3.137435368468276e-05
BreastCancer,34,456,LightGBM,0.9969818913480885,0.9951302718137289,0.027628696479015034,0.06988426111638546,9.01402600637052e-06
BreastCancer,34,456,CatBoost,0.9966465459423206,0.9944091616984939,0.023618304754574687,0.9613693160936236,1.0370210934001788e-05
BreastCancer,34,456,RandomForest,0.9956405097250167,0.9932105575517458,0.02615497345132744,0.42371278489008546,0.000396660267400135
BreastCancer,34,456,XGBoost,0.9963112005365526,0.994020126669275,0.02584718522167834,0.1578297889791429,3.133838032001415e-05
BreastCancer,34,456,LightGBM,0.9969818913480885,0.9951302718137289,0.027628696479015034,0.07059753709472716,9.224982932209969e-06
BreastCancer,34,456,CatBoost,0.9966465459423206,0.9944091616984939,0.023618304754574687,0.5257527551148087,9.98179584873461e-06
BreastCancer,34,456,RandomForest,0.9956405097250167,0.9932105575517458,0.02615497345132744,0.4193421769887209,0.0003873190978558454
BreastCancer,35,50,XGBoost,0.9816573861775302,0.9822446049562232,0.032608255144342825,0.09511536918580532,2.9962938769083275e-05
BreastCancer,35,50,LightGBM,0.9646249590566657,0.9670513527865325,0.05402213925968657,0.013788259122520685,7.5363500958733396e-06
BreastCancer,35,50,CatBoost,0.9773992793973141,0.9799837832937812,0.03358530187298776,0.24112390889786184,9.189016724887647e-06
BreastCancer,35,50,RandomForest,0.9796921061251227,0.9773662973180752,0.04814322807017544,0.38232416613027453,0.00038310773711520854
BreastCancer,35,100,XGBoost,0.9862430396331476,0.9864047300626402,0.030682866751640857,0.09822644013911486,3.049801626618494e-05
BreastCancer,35,100,LightGBM,0.9826400262037341,0.9859464866216554,0.02798560391410678,0.025168638210743666,8.196333063799038e-06
BreastCancer,35,100,CatBoost,0.9859154929577465,0.9846416577190975,0.04304589845369738,0.29776407196186483,8.534797336579414e-06
BreastCancer,35,100,RandomForest,0.9844415329184408,0.9813938831677909,0.042832666666666665,0.39260752499103546,0.0003973720533969371
BreastCancer,35,200,XGBoost,0.9810022928267278,0.9834689726438579,0.02905559559846369,0.11517829308286309,3.067514932665386e-05
BreastCancer,35,200,LightGBM,0.982640026203734,0.9851011436733449,0.02756342283837376,0.04378617601469159,8.395360374267688e-06
BreastCancer,35,200,CatBoost,0.9846053062561415,0.9855057784291552,0.03222670333052877,0.49767035199329257,9.495131834818607e-06
BreastCancer,35,200,RandomForest,0.9888634130363576,0.9865323063480629,0.036638842105263164,0.4404104759451002,0.0003975756147778348
BreastCancer,35,455,XGBoost,0.990501146413364,0.9906330749354005,0.013914333708896434,0.15445063612423837,3.0865868259417384e-05
BreastCancer,35,455,LightGBM,0.9921388797903701,0.9913548683153875,0.016932502102513396,0.0719850801397115,9.00447393130315e-06
BreastCancer,35,455,CatBoost,0.9898460530625615,0.9902576995600252,0.010964495824918711,0.4749847499188036,9.14109650215036e-06
BreastCancer,35,455,RandomForest,0.9911562397641663,0.9910299003322259,0.02582922807017544,0.4167750950437039,0.00038828322737428705
BreastCancer,35,455,XGBoost,0.990501146413364,0.9906330749354005,0.013914333708896434,0.1533980460371822,3.099306935869288e-05
BreastCancer,35,455,LightGBM,0.9921388797903701,0.9913548683153875,0.016932502102513396,0.07235647598281503,9.063745669105597e-06
BreastCancer,35,455,CatBoost,0.9898460530625615,0.9902576995600252,0.010964495824918711,0.4708291129209101,9.594640384117762e-06
BreastCancer,35,455,RandomForest,0.9911562397641663,0.9910299003322259,0.02582922807017544,0.41932558990083635,0.00038896246584491773
BreastCancer,36,50,XGBoost,0.9836226662299378,0.976910096308713,0.05610247345522302,0.09491808316670358,3.0198281532839726e-05
BreastCancer,36,50,LightGBM,0.9898460530625613,0.9871900254712467,0.03233799989672344,0.013538592960685492,7.4813244537564745e-06
BreastCancer,36,50,CatBoost,0.9908286930887652,0.9870252364718727,0.038139588913456736,0.59201973490417,7.963455445541625e-06
BreastCancer,36,50,RandomForest,0.9950867998689813,0.9928710448203947,0.03786175438596492,0.38854889618232846,0.00039421000901871084
BreastCancer,36,100,XGBoost,0.9970520799213888,0.9952371485515137,0.024521920577127237,0.10097947809845209,2.9517509239284617e-05
BreastCancer,36,100,LightGBM,0.9973796265967901,0.9956438604974227,0.019395904132559913,0.024769064970314503,8.195456885324235e-06
BreastCancer,36,100,CatBoost,0.99475925319358,0.9920875429178964,0.03283707965888305,0.3469813761767,9.53845671590483e-06
BreastCancer,36,100,RandomForest,0.9929577464788732,0.9891508494510117,0.03552526315789473,0.3915875260718167,0.00038913479932632883
BreastCancer,36,200,XGBoost,0.9990173599737964,0.9984833164812942,0.009380819047353842,0.1238374668173492,3.0038676126615e-05
BreastCancer,36,200,LightGBM,1.0,1.0,0.008489021319305073,0.04222720209509134,8.483929968063245e-06
BreastCancer,36,200,CatBoost,0.9970520799213889,0.9953473052057481,0.023055554236956703,0.43808559188619256,9.869703238731936e-06
BreastCancer,36,200,RandomForest,0.9934490664919751,0.9902015902349353,0.03437470175438597,0.4075180229265243,0.0003960295968378584
BreastCancer,36,455,XGBoost,0.998689813298395,0.9978718655300592,0.016101213510202033,0.15729070315137506,3.0763447284698486e-05
BreastCancer,36,455,LightGBM,0.99737962659679,0.9960271317829459,0.0199604475720857,0.07149407593533397,9.063280007818289e-06
BreastCancer,36,455,CatBoost,0.9990173599737964,0.9984833164812943,0.013820923769597461,0.48281947104260325,1.0095640869909211e-05
BreastCancer,36,455,RandomForest,0.996069439895185,0.9935251252242467,0.027777754385964908,0.4129135289695114,0.000393714412654701
BreastCancer,36,455,XGBoost,0.998689813298395,0.9978718655300592,0.016101213510202033,0.1553599708713591,3.073835876165775e-05
BreastCancer,36,455,LightGBM,0.99737962659679,0.9960271317829459,0.0199604475720857,0.07076909905299544,9.037139662132974e-06
BreastCancer,36,455,CatBoost,0.9990173599737964,0.9984833164812943,0.013820923769597461,0.593654525000602,9.841875892067165e-06
BreastCancer,36,455,RandomForest,0.996069439895185,0.9935251252242467,0.027777754385964908,0.41931539098732173,0.00039555672801246767
BreastCancer,37,50,XGBoost,0.9894179894179894,0.9829458204436209,0.04337953884138316,0.09500939096324146,2.99280448081462e-05
BreastCancer,37,50,LightGBM,0.9930555555555556,0.9892477970101203,0.041921224523856625,0.014310359954833984,7.472579008000985e-06
BreastCancer,37,50,CatBoost,0.9917328042328042,0.9868996666459073,0.0398318292977179,0.5420992278959602,9.118238251590938e-06
BreastCancer,37,50,RandomForest,0.9930555555555556,0.9887448175775702,0.034072140350877196,0.3865361260250211,0.00039413888742657085
BreastCancer,37,100,XGBoost,0.996362433862434,0.9937327959311272,0.026906284238133443,0.10413308907300234,2.9791798034127343e-05
BreastCancer,37,100,LightGBM,0.9920634920634921,0.9874449201982642,0.02739302843813432,0.02588011813350022,8.336525704515607e-06
BreastCancer,37,100,CatBoost,0.9950396825396826,0.9915995255565019,0.030130672843205676,0.33775201300159097,9.155954773488798e-06
BreastCancer,37,100,RandomForest,0.9947089947089948,0.9912609184781652,0.03432621052631579,0.38607110688462853,0.0003970480879376593
BreastCancer,37,200,XGBoost,0.9970238095238095,0.9949496879865286,0.020810382725614408,0.11866021389141679,3.0647834615879934e-05
BreastCancer,37,200,LightGBM,0.996031746031746,0.9932570277288781,0.02605615184814014,0.04403535882011056,8.896710106024616e-06
BreastCancer,37,200,CatBoost,0.9953703703703703,0.9921154824678076,0.03459190628706032,0.42352655506692827,9.82033293040698e-06
BreastCancer,37,200,RandomForest,0.9940476190476191,0.9896253209288705,0.031069649122807023,0.410556233022362,0.0003882465422512931
BreastCancer,37,455,XGBoost,0.9983465608465608,0.9972296091127628,0.01838588318843097,0.15686654695309699,3.501253504828926e-05
BreastCancer,37,455,LightGBM,0.998015873015873,0.9967819931083073,0.019240714795403756,0.07137050200253725,9.995200998035439e-06
BreastCancer,37,455,CatBoost,0.9986772486772486,0.9977701354007975,0.01804025570580578,0.48644006298854947,1.1194956881043158e-05
BreastCancer,37,455,RandomForest,0.9966931216931216,0.9943995510562239,0.024923964912280706,0.4187947299797088,0.00040225707925856113
BreastCancer,37,455,XGBoost,0.9983465608465608,0.9972296091127628,0.01838588318843097,0.1572089057881385,3.44279279376854e-05
BreastCancer,37,455,LightGBM,0.998015873015873,0.9967819931083073,0.019240714795403756,0.07158462796360254,1.0099394753444613e-05
BreastCancer,37,455,CatBoost,0.9986772486772486,0.9977701354007975,0.01804025570580578,0.5358053371310234,1.0283042987187704e-05
BreastCancer,37,455,RandomForest,0.9966931216931216,0.9943995510562239,0.024923964912280706,0.41262805997394025,0.0003907653940187996
BreastCancer,38,50,XGBoost,0.9809854497354497,0.9705961147785072,0.05527530444687127,0.09555443306453526,2.9937972788486566e-05
BreastCancer,38,50,LightGBM,0.970899470899471,0.9655020785085922,0.0658360228426464,0.013909467961639166,7.73697454286249e-06
BreastCancer,38,50,CatBoost,0.986441798941799,0.9785178551944134,0.06555770846362549,0.2414766422007233,1.0733615214887418e-05
BreastCancer,38,50,RandomForest,0.9877645502645503,0.9812611722680885,0.049090526315789466,0.38224170287139714,0.0003895232792976394
BreastCancer,38,100,XGBoost,0.9930555555555555,0.9890501984413584,0.03598347469954279,0.10568399913609028,3.020536040135643e-05
BreastCancer,38,100,LightGBM,0.9943783068783069,0.9903463927244216,0.03216913497024714,0.02344988822005689,8.397666214589486e-06
BreastCancer,38,100,CatBoost,0.9953703703703703,0.9928346895492026,0.03403246546143653,0.30944975395686924,9.673492362101873e-06
BreastCancer,38,100,RandomForest,0.9955357142857143,0.992838074623789,0.030936070175438594,0.3927771330345422,0.0003911217106833008
BreastCancer,38,200,XGBoost,0.9950396825396826,0.9918767615480235,0.0295441777146536,0.12846900802105665,2.9902964454601732e-05
BreastCancer,38,200,LightGBM,0.9973544973544973,0.9956462287250346,0.019214490430773144,0.04042570409364998,8.592982531378143e-06
BreastCancer,38,200,CatBoost,0.996031746031746,0.9938550977124678,0.02538777880425309,0.3965345991309732,9.610560689971112e-06
BreastCancer,38,200,RandomForest,0.9953703703703705,0.9925678818535961,0.030773192982456142,0.4079568269662559,0.0003955810976198368
BreastCancer,38,455,XGBoost,0.9990079365079365,0.9984126984126984,0.011811050104771416,0.15584290795959532,3.128329888312963e-05
BreastCancer,38,455,LightGBM,0.996031746031746,0.9937314492192542,0.02596829583880068,0.06823682715184987,8.873798753739448e-06
BreastCancer,38,455,CatBoost,0.996031746031746,0.9936895402506487,0.025028224796105603,0.5383405031170696,9.502623262896873e-06
BreastCancer,38,455,RandomForest,0.9966931216931217,0.9949074074074074,0.024270947368421055,0.40984358405694366,0.00038310092171294646
BreastCancer,38,455,XGBoost,0.9990079365079365,0.9984126984126984,0.011811050104771416,0.15560416015796363,3.059961416415478e-05
BreastCancer,38,455,LightGBM,0.996031746031746,0.9937314492192542,0.02596829583880068,0.06839068606495857,8.918937262997292e-06
BreastCancer,38,455,CatBoost,0.996031746031746,0.9936895402506487,0.025028224796105603,0.4815600151196122,9.832930293653095e-06
BreastCancer,38,455,RandomForest,0.9966931216931217,0.9949074074074074,0.024270947368421055,0.4102234549354762,0.0003861609638031376
BreastCancer,39,50,XGBoost,0.97719651240778,0.971170929851802,0.05625780392612426,0.09416324179619551,2.979639859919527e-05
BreastCancer,39,50,LightGBM,0.9849094567404426,0.9774697841561429,0.05080610387329607,0.013904992956668139,7.637867094141192e-06
BreastCancer,39,50,CatBoost,0.977531857813548,0.9706425421415853,0.05495576942845237,1.061570581048727,9.614805303579937e-06
BreastCancer,39,50,RandomForest,0.9736753856472166,0.9713273453927784,0.05312357522123895,0.3889552040491253,0.00039884715909715247
BreastCancer,39,100,XGBoost,0.9745137491616364,0.9758635579124302,0.0446800869869254,0.1002550960984081,3.029822899374814e-05
BreastCancer,39,100,LightGBM,0.9765258215962441,0.9782460447354064,0.051566239771556895,0.02474959590472281,8.255177367050036e-06
BreastCancer,39,100,CatBoost,0.9735077129443327,0.9704399775308755,0.0467077134883539,0.3017730501014739,1.945991926224886e-05
BreastCancer,39,100,RandomForest,0.9730046948356808,0.9747399425970854,0.0485910442477876,0.3866197429597378,0.00039150545052129085
BreastCancer,39,200,XGBoost,0.9795439302481557,0.9741402394413181,0.06578607442220581,0.11975427996367216,3.0394857831760847e-05
BreastCancer,39,200,LightGBM,0.9852448021462106,0.9808103615972922,0.06912521894670105,0.04071922390721738,8.829735400798046e-06
BreastCancer,39,200,CatBoost,0.9771965124077799,0.9741431117901707,0.06428733774920478,0.43335846392437816,9.694229399340343e-06
BreastCancer,39,200,RandomForest,0.9745137491616365,0.9706480275973907,0.05355681415929203,0.41381569812074304,0.0003875973902280088
BreastCancer,39,456,XGBoost,0.9792085848423877,0.9754848062880023,0.03739295312522239,0.1508450850378722,3.0749026207929164e-05
BreastCancer,39,456,LightGBM,0.9845741113346747,0.9803109450708322,0.03568403001618293,0.0654565270524472,8.943088896638523e-06
BreastCancer,39,456,CatBoost,0.9818913480885312,0.9782953617347396,0.04731718919830367,0.5147354688961059,9.965027921495184e-06
BreastCancer,39,456,RandomForest,0.9656270959087861,0.968215588316726,0.04731670796460177,0.41772206011228263,0.00040405939036436314
BreastCancer,39,456,XGBoost,0.9792085848423877,0.9754848062880023,0.03739295312522239,0.14983347291126847,3.078599888996213e-05
BreastCancer,39,456,LightGBM,0.9845741113346747,0.9803109450708322,0.03568403001618293,0.06690809782594442,9.098292155339655e-06
BreastCancer,39,456,CatBoost,0.9818913480885312,0.9782953617347396,0.04731718919830367,0.4750841239001602,1.0923196075368771e-05
BreastCancer,39,456,RandomForest,0.9656270959087861,0.968215588316726,0.04731670796460177,0.4103334730025381,0.0003907474425448253
BreastCancer,40,50,XGBoost,0.983950212905339,0.9779904742924435,0.04995400217401915,0.0956138288602233,3.030208723717614e-05
BreastCancer,40,50,LightGBM,0.9764166393711105,0.9617930920868917,0.07223900523309984,0.014303002040833235,7.647639058791755e-06
BreastCancer,40,50,CatBoost,0.9918113331149689,0.9878064039293446,0.04044281292763451,0.24607338197529316,9.088413463088504e-06
BreastCancer,40,50,RandomForest,0.9924664264657713,0.9885061972421808,0.04064536842105263,0.38635645690374076,0.0003974704202591327
BreastCancer,40,100,XGBoost,0.9918113331149689,0.987345969308269,0.04274502010945622,0.10144405392929912,2.9827937843245372e-05
BreastCancer,40,100,LightGBM,0.9927939731411726,0.9881648970508072,0.04029314768729799,0.02470218692906201,8.161226695958982e-06
BreastCancer,40,100,CatBoost,0.9950867998689813,0.9919314274728139,0.03187984092225692,0.31219950690865517,9.2220970576531e-06
BreastCancer,40,100,RandomForest,0.9944317065181788,0.991059681902185,0.03524529824561404,0.38934859400615096,0.00039412044683111863
BreastCancer,40,200,XGBoost,0.99475925319358,0.9920439281138008,0.03290851208577163,0.1194400298409164,3.006414044648409e-05
BreastCancer,40,200,LightGBM,0.9944317065181788,0.9910234612360138,0.03762803582420737,0.041028165025636554,8.324843324851572e-06
BreastCancer,40,200,CatBoost,0.996069439895185,0.9935597759890218,0.03011218074355681,0.39073155308142304,9.592244679337008e-06
BreastCancer,40,200,RandomForest,0.9924664264657714,0.9885684124283103,0.03561343859649123,0.41215671109966934,0.0003981748064816521
BreastCancer,40,455,XGBoost,0.9986898132983949,0.9979424835986549,0.014213126018956156,0.15841529401950538,3.099379848623485e-05
BreastCancer,40,455,LightGBM,0.9983622666229938,0.9973046505555839,0.025184163438056625,0.07169123482890427,9.01241263930212e-06
BreastCancer,40,455,CatBoost,0.9993449066491975,0.9989306258911451,0.01026051746278836,0.47544169309549034,9.606790467443174e-06
BreastCancer,40,455,RandomForest,0.9955781198820832,0.992691343509647,0.028476070175438593,0.42085522995330393,0.00038982229715768703
BreastCancer,40,455,XGBoost,0.9986898132983949,0.9979424835986549,0.014213126018956156,0.1584405421745032,3.083757116671717e-05
BreastCancer,40,455,LightGBM,0.9983622666229938,0.9973046505555839,0.025184163438056625,0.07101484597660601,8.889859983403431e-06
BreastCancer,40,455,CatBoost,0.9993449066491975,0.9989306258911451,0.01026051746278836,0.47956858086399734,9.50162454197804e-06
BreastCancer,40,455,RandomForest,0.9955781198820832,0.992691343509647,0.028476070175438593,0.4168176408857107,0.0003910784041835812
BreastCancer,41,50,XGBoost,0.9780543727481166,0.9689860908360018,0.07275670536590824,0.09578112815506756,2.9904481938533616e-05
BreastCancer,41,50,LightGBM,0.981329839502129,0.9800911062649968,0.05631886499996528,0.01403793110512197,7.69214851683692e-06
BreastCancer,41,50,CatBoost,0.9829675728791353,0.9782872926621409,0.0554500221904596,0.2591083128936589,9.049675754157075e-06
BreastCancer,41,50,RandomForest,0.9832951195545364,0.9758532734894664,0.06325512280701755,0.381887893890962,0.0003964081835491877
BreastCancer,41,100,XGBoost,0.9911562397641664,0.9874617214893006,0.045954157933392165,0.10075268219225109,2.9909342788813408e-05
BreastCancer,41,100,LightGBM,0.9927939731411727,0.9883588673715953,0.04423650717366778,0.02349057304672897,8.430217572471552e-06
BreastCancer,41,100,CatBoost,0.9868981329839501,0.9815431526370083,0.0650272268176593,0.391469620866701,9.394710344311438e-06
BreastCancer,41,100,RandomForest,0.9846053062561415,0.9767870254506352,0.060173368421052635,0.3932178788818419,0.0003945156319164916
BreastCancer,41,200,XGBoost,0.9832951195545365,0.9748194240546092,0.0530616457309377,0.11197376903146505,2.9841062139000808e-05
BreastCancer,41,200,LightGBM,0.990501146413364,0.98585913774991,0.04435086458726346,0.03920198092237115,8.45104366083417e-06
BreastCancer,41,200,CatBoost,0.986570586308549,0.9790632598526703,0.0611531163570132,0.47373755602166057,9.83146386907289e-06
BreastCancer,41,200,RandomForest,0.9895185063871601,0.9831550188446678,0.04821245614035087,0.4125737699214369,0.0007282849728015431
BreastCancer,41,455,XGBoost,0.9927939731411726,0.9905573273133385,0.024842038472579733,0.15306367096491158,3.09847895742247e-05
BreastCancer,41,455,LightGBM,0.9941041598427776,0.9915524641351573,0.02994327778114313,0.07146337605081499,9.108289847509903e-06
BreastCancer,41,455,CatBoost,0.998689813298395,0.9980207817911926,0.014006100221885805,0.6491280959453434,9.540062021921602e-06
BreastCancer,41,455,RandomForest,0.9927939731411727,0.9891952385329534,0.03649543859649122,0.4141423930414021,0.00039007496538065505
BreastCancer,41,455,XGBoost,0.9927939731411726,0.9905573273133385,0.024842038472579733,0.1539825110230595,3.138858735103879e-05
BreastCancer,41,455,LightGBM,0.9941041598427776,0.9915524641351573,0.02994327778114313,0.07172901788726449,9.215183621435835e-06
BreastCancer,41,455,CatBoost,0.998689813298395,0.9980207817911926,0.014006100221885805,0.5607155130710453,9.613963285166966e-06
BreastCancer,41,455,RandomForest,0.9927939731411727,0.9891952385329534,0.03649543859649122,0.41409063315950334,0.0003896169813774657
BreastCancer,42,50,XGBoost,0.9761904761904762,0.9668218503429874,0.06435295975802746,0.0936832120642066,2.9477466453324285e-05
BreastCancer,42,50,LightGBM,0.9694113756613757,0.9644857296603514,0.06023454472939182,0.013659781077876687,7.3497628858476355e-06
BreastCancer,42,50,CatBoost,0.978505291005291,0.9771499170768181,0.04974886872933001,0.2368416259996593,9.059691556582325e-06
BreastCancer,42,50,RandomForest,0.9781746031746031,0.9751458677363843,0.04966677192982455,0.38022483699023724,0.0003868184550747014
BreastCancer,42,100,XGBoost,0.9768518518518517,0.9738153845096293,0.04601244145049452,0.09676480991765857,2.9476851698730077e-05
BreastCancer,42,100,LightGBM,0.9837962962962963,0.9818709452517353,0.046749874324009864,0.021328183123841882,7.518236280271881e-06
BreastCancer,42,100,CatBoost,0.9867724867724867,0.983768348609285,0.044029891660123145,0.29376882314682007,9.60250965139845e-06
BreastCancer,42,100,RandomForest,0.9748677248677249,0.9767834793474348,0.047837789473684215,0.3915613249409944,0.00038448469345702936
BreastCancer,42,200,XGBoost,0.9831349206349207,0.98158271467095,0.031626838599991526,0.11697718594223261,2.9720764264072242e-05
BreastCancer,42,200,LightGBM,0.9871031746031746,0.9848032068333002,0.02409557445957893,0.043618736090138555,8.515323299849242e-06
BreastCancer,42,200,CatBoost,0.9947089947089947,0.9916596675854435,0.035567904843970016,0.3969774681609124,9.738008916508733e-06
BreastCancer,42,200,RandomForest,0.9836309523809524,0.981384371884591,0.038890175438596485,0.41575450799427927,0.0003930115704669764
BreastCancer,42,455,XGBoost,0.9957010582010583,0.9937331056162594,0.01986690568640065,0.15586810605600476,3.0117131884030084e-05
BreastCancer,42,455,LightGBM,0.998015873015873,0.9970238095238095,0.01652449542164002,0.07037242199294269,9.07677193090581e-06
BreastCancer,42,455,CatBoost,0.9970238095238095,0.9952258653750137,0.02164849123219837,0.5140848830342293,1.001778148572173e-05
BreastCancer,42,455,RandomForest,0.9930555555555555,0.9908984221727055,0.027772877192982454,0.41119471401907504,0.0003897243857449084
BreastCancer,42,455,XGBoost,0.9957010582010583,0.9937331056162594,0.01986690568640065,0.15705185499973595,3.0977316527513034e-05
BreastCancer,42,455,LightGBM,0.998015873015873,0.9970238095238095,0.01652449542164002,0.07039248500950634,9.102025886245987e-06
BreastCancer,42,455,CatBoost,0.9970238095238095,0.9952258653750137,0.02164849123219837,3.155009798007086,9.584657259677587e-06
BreastCancer,42,455,RandomForest,0.9930555555555555,0.9908984221727055,0.027772877192982454,0.4145585768856108,0.00039211498254812077
BreastCancer,43,50,XGBoost,0.982308201058201,0.9814747899933458,0.04366358878427042,0.09233612101525068,2.9855150435315936e-05
BreastCancer,43,50,LightGBM,0.9940476190476191,0.9905737649569186,0.043185776146167164,0.018674053018912673,7.60661389090513e-06
BreastCancer,43,50,CatBoost,0.9867724867724867,0.9866576367882989,0.03907900561669133,0.5692396708764136,9.17665014991112e-06
BreastCancer,43,50,RandomForest,0.9854497354497355,0.982200893197134,0.04979680701754386,0.38546052179299295,0.00038637298265504735
BreastCancer,43,100,XGBoost,0.9758597883597884,0.9795084122617563,0.026861087528813204,0.10427669598720968,3.001928991196971e-05
BreastCancer,43,100,LightGBM,0.9765211640211641,0.9786481352041501,0.026296668467314762,0.02443724195472896,8.156902990058848e-06
BreastCancer,43,100,CatBoost,0.9884259259259259,0.9876057284272384,0.02821840636213603,0.4351376770064235,1.0018314545353254e-05
BreastCancer,43,100,RandomForest,0.9791666666666666,0.983219554402848,0.027449122807017542,0.3838976479601115,0.00038887270963178916
BreastCancer,43,200,XGBoost,0.9808201058201058,0.9852469443061778,0.0193335577515614,0.12817926099523902,3.0171657144500497e-05
BreastCancer,43,200,LightGBM,0.9947089947089947,0.9922219560633966,0.029048119829276787,0.04332224908284843,8.863972892102442e-06
BreastCancer,43,200,CatBoost,0.9904100529100528,0.9891535069312278,0.019192040422102905,0.6632976459804922,8.989227608891956e-06
BreastCancer,43,200,RandomForest,0.9854497354497355,0.9832411577722195,0.02475214035087719,0.413465591147542,0.00039061864944207566
BreastCancer,43,455,XGBoost,0.9970238095238095,0.9954510259388308,0.019997174405142076,0.1577759189531207,3.047642020279901e-05
BreastCancer,43,455,LightGBM,0.9970238095238095,0.995451025938831,0.022403336394853403,0.07059921999461949,8.995561010874154e-06
BreastCancer,43,455,CatBoost,0.9937169312169312,0.9919920152158976,0.02445563441919285,0.7465580829884857,1.0519701039843393e-05
BreastCancer,43,455,RandomForest,0.9798280423280423,0.9832195544028478,0.02274666666666667,0.405796118080616,0.0003997466318603409
BreastCancer,43,455,XGBoost,0.9970238095238095,0.9954510259388308,0.019997174405142076,0.15724508999846876,3.030428891642052e-05
BreastCancer,43,455,LightGBM,0.9970238095238095,0.995451025938831,0.022403336394853403,0.07020237785764039,8.982201842100998e-06
BreastCancer,43,455,CatBoost,0.9937169312169312,0.9919920152158976,0.02445563441919285,0.5309984628111124,9.8390083988769e-06
BreastCancer,43,455,RandomForest,0.9798280423280423,0.9832195544028478,0.02274666666666667,0.4109549990389496,0.0003841219984583165
BreastCancer,44,50,XGBoost,0.9770288397048961,0.969664993696354,0.05600476177925517,0.17677588993683457,2.9930682127586508e-05
BreastCancer,44,50,LightGBM,0.9721663313212608,0.9720395052398668,0.05141856897195564,0.013942366931587458,7.786336808209926e-06
BreastCancer,44,50,CatBoost,0.9812206572769953,0.9743105680107544,0.05091655772909499,0.24716318305581808,1.0021274035747073e-05
BreastCancer,44,50,RandomForest,0.9845741113346747,0.9778120653202774,0.048470159292035395,0.3890089059714228,0.0003927456383980745
BreastCancer,44,100,XGBoost,0.9879275653923542,0.9819941720982511,0.046221238080703386,0.10182446497492492,3.0389335830654718e-05
BreastCancer,44,100,LightGBM,0.988262910798122,0.9841760246517685,0.04756572691269144,0.025441515957936645,8.339865907894826e-06
BreastCancer,44,100,CatBoost,0.9899396378269617,0.9851458438613917,0.0387866021984968,0.36274947598576546,9.337858404074095e-06
BreastCancer,44,100,RandomForest,0.9929577464788731,0.9901290153903395,0.03740138053097346,0.383557683089748,0.0003990908235773049
BreastCancer,44,200,XGBoost,0.9896042924211939,0.9853194481868428,0.03809293702042486,0.12516630510799587,2.999852238371309e-05
BreastCancer,44,200,LightGBM,0.9899396378269618,0.9848325375698933,0.047682916337155705,0.04455566592514515,8.92223097977385e-06
BreastCancer,44,200,CatBoost,0.9896042924211939,0.9857608122516446,0.037952658482747,0.48233300098218024,9.80962892021753e-06
BreastCancer,44,200,RandomForest,0.9934607645875252,0.9901195261157667,0.03491097345132744,0.4096407850738615,0.0003984974680748661
BreastCancer,44,456,XGBoost,0.9862508383635145,0.9832021465186928,0.03452794434198416,0.15243706409819424,3.081035338737796e-05
BreastCancer,44,456,LightGBM,0.9892689470154259,0.9858412385733596,0.042543116764797696,0.06895731994882226,9.064937620300108e-06
BreastCancer,44,456,CatBoost,0.9872568745808181,0.9863515881373025,0.02916631164107203,0.4910853710025549,1.021176246942672e-05
BreastCancer,44,456,RandomForest,0.9912810194500336,0.9882640199206927,0.03219713274336283,0.4166463890578598,0.000394662026217026
BreastCancer,44,456,XGBoost,0.9862508383635145,0.9832021465186928,0.03452794434198416,0.15123904193751514,3.115735552479735e-05
BreastCancer,44,456,LightGBM,0.9892689470154259,0.9858412385733596,0.042543116764797696,0.06921323202550411,9.013593312253994e-06
BreastCancer,44,456,CatBoost,0.9872568745808181,0.9863515881373025,0.02916631164107203,0.5123039500322193,1.0036628495539183e-05
BreastCancer,44,456,RandomForest,0.9912810194500336,0.9882640199206927,0.03219713274336283,0.416855163872242,0.00039325447843731505
BreastCancer,45,50,XGBoost,0.9584015722240419,0.9443228302158893,0.08752774697539559,0.0927035768982023,3.00595777828181e-05
BreastCancer,45,50,LightGBM,0.9711758925646905,0.958933343936214,0.05409617996702776,0.013630392961204052,7.5286585151364926e-06
BreastCancer,45,50,CatBoost,0.9770717327219129,0.9670435414203585,0.0633373637875024,0.2464053500443697,9.182613882187166e-06
BreastCancer,45,50,RandomForest,0.9803471994759253,0.9753281139743293,0.05527863157894737,0.3786834659986198,0.0003879810438344353
BreastCancer,45,100,XGBoost,0.9816573861775303,0.9798702877221637,0.044127431126778804,0.10073284385725856,2.9918982794410304e-05
BreastCancer,45,100,LightGBM,0.9790370127743204,0.972776379186149,0.06988317757745618,0.024669515900313854,8.067412285559011e-06
BreastCancer,45,100,CatBoost,0.9931215198165738,0.9898145723875041,0.038737459407184927,0.6167150491382927,8.399255181613721e-06
BreastCancer,45,100,RandomForest,0.9885358663609564,0.983113214007944,0.04317929824561403,0.38267574389465153,0.0004088340180092736
BreastCancer,45,200,XGBoost,0.9996724533245988,0.9994714587737844,0.01609337714008136,0.12878875713795424,2.9961868565072092e-05
BreastCancer,45,200,LightGBM,0.9993449066491975,0.9989306258911451,0.019708915647673873,0.041701985988765955,8.565236879676058e-06
BreastCancer,45,200,CatBoost,0.9977071732721913,0.9965204369274138,0.021578349505814002,0.4907264329958707,1.0298078945069983e-05
BreastCancer,45,200,RandomForest,0.9941041598427777,0.9918020179648086,0.03384087719298246,0.40854977583512664,0.00038634042108529493
BreastCancer,45,455,XGBoost,0.9983622666229938,0.9974799489085533,0.016668569664189933,0.15793156414292753,3.072557758474559e-05
BreastCancer,45,455,LightGBM,0.9990173599737963,0.9984255753860947,0.01868425031592332,0.07143507711589336,9.000912030930059e-06
BreastCancer,45,455,CatBoost,0.9980347199475926,0.9968215587681443,0.02432918434366466,0.5246341449674219,1.0109631132269115e-05
BreastCancer,45,455,RandomForest,0.9934490664919752,0.9904008228626172,0.029568877192982457,0.4171954928897321,0.00039037237589231185
BreastCancer,45,455,XGBoost,0.9983622666229938,0.9974799489085533,0.016668569664189933,0.15676691220141947,3.0246201755577012e-05
BreastCancer,45,455,LightGBM,0.9990173599737963,0.9984255753860947,0.01868425031592332,0.07169370609335601,8.867534792475534e-06
BreastCancer,45,455,CatBoost,0.9980347199475926,0.9968215587681443,0.02432918434366466,0.48188272793777287,9.845703301068984e-06
BreastCancer,45,455,RandomForest,0.9934490664919752,0.9904008228626172,0.029568877192982457,0.4105017790570855,0.00039501376286671874
BreastCancer,46,50,XGBoost,0.9983622666229938,0.9973046505555838,0.03122391544698806,0.09243952995166183,2.9946675344386643e-05
BreastCancer,46,50,LightGBM,0.9963969865705863,0.9942901608388227,0.02880126372966345,0.01391056994907558,7.609683579128039e-06
BreastCancer,46,50,CatBoost,0.9970520799213888,0.9953887284290148,0.02601105073200678,0.2339454039465636,8.90363988123442e-06
BreastCancer,46,50,RandomForest,0.9968883065836882,0.9949168713343064,0.029661719298245615,0.38281487417407334,0.00038703438711532376
BreastCancer,46,100,XGBoost,0.9963969865705863,0.9945010329845244,0.025514227464608203,0.09700961201451719,2.9562202510995822e-05
BreastCancer,46,100,LightGBM,0.9993449066491975,0.9989664082687341,0.014212362706561697,0.021009478950873017,7.713948817629563e-06
BreastCancer,46,100,CatBoost,0.9963969865705864,0.9946902714706166,0.025313719913525698,0.29141030204482377,9.218718970946052e-06
BreastCancer,46,100,RandomForest,0.9963969865705863,0.9941986948824356,0.026025368421052627,0.38173801894299686,0.00039755220100152913
BreastCancer,46,200,XGBoost,0.99737962659679,0.9963520291837665,0.015263905274962053,0.12362102908082306,3.082045607203454e-05
BreastCancer,46,200,LightGBM,0.9963969865705863,0.9944736089229588,0.03320157775898603,0.03547864803113043,8.255184072543654e-06
BreastCancer,46,200,CatBoost,0.9993449066491975,0.9989306258911451,0.011046754801216033,0.40883207810111344,9.211921950050614e-06
BreastCancer,46,200,RandomForest,0.9993449066491974,0.998966408268734,0.02070477192982456,0.4081289421301335,0.00039405776228625003
BreastCancer,46,455,XGBoost,0.9996724533245988,0.9994714587737844,0.008367810594912645,0.16043839300982654,3.086967524467853e-05
BreastCancer,46,455,LightGBM,1.0,1.0,0.0027396633833255152,0.07333796704187989,9.158483232583916e-06
BreastCancer,46,455,CatBoost,1.0,1.0,0.003237643010112771,0.5179311567917466,9.404280909190052e-06
BreastCancer,46,455,RandomForest,1.0,1.0,0.017459263157894738,0.41576396697200835,0.00039388012271701243
BreastCancer,46,455,XGBoost,0.9996724533245988,0.9994714587737844,0.008367810594912645,0.1592263311613351,3.052482446819021e-05
BreastCancer,46,455,LightGBM,1.0,1.0,0.0027396633833255152,0.07428171089850366,9.30564036886943e-06
BreastCancer,46,455,CatBoost,1.0,1.0,0.003237643010112771,0.5497654669452459,1.0612228754581066e-05
BreastCancer,46,455,RandomForest,1.0,1.0,0.017459263157894738,0.41856132284738123,0.00040380047479023534
BreastCancer,47,50,XGBoost,0.9556878306878306,0.9446858202050796,0.07214009149155674,0.09387780912220478,2.9972298969432975e-05
BreastCancer,47,50,LightGBM,0.9459325396825398,0.9389561811342384,0.0882818098396847,0.013972770189866424,7.512088734329793e-06
BreastCancer,47,50,CatBoost,0.9513888888888888,0.951137661834438,0.06191578885335359,0.31751667405478656,9.339500888528532e-06
BreastCancer,47,50,RandomForest,0.9679232804232802,0.9643918950514698,0.05833182456140351,0.38838250492699444,0.00039177810519999055
BreastCancer,47,100,XGBoost,0.9609788359788359,0.952091454125583,0.07203670691931945,0.09661620506085455,2.9574981645533914e-05
BreastCancer,47,100,LightGBM,0.9699074074074074,0.9663139790989808,0.059137037158129194,0.021042846143245697,7.707729788595124e-06
BreastCancer,47,100,CatBoost,0.9566798941798942,0.957470386907761,0.061050586623879535,0.36491821496747434,9.476728002099614e-06
BreastCancer,47,100,RandomForest,0.9669312169312169,0.9641755486110523,0.05709312280701753,0.38546557701192796,0.00038965392179721804
BreastCancer,47,200,XGBoost,0.9854497354497354,0.9804648033335008,0.04234785497248357,0.11253287014551461,3.0102596307794254e-05
BreastCancer,47,200,LightGBM,0.9904100529100529,0.9868897735517623,0.03499470356486417,0.0416482740547508,8.312245961605457e-06
BreastCancer,47,200,CatBoost,0.9824735449735449,0.9784214632793333,0.0419512346982239,0.4329769918695092,9.28588652689206e-06
BreastCancer,47,200,RandomForest,0.9677579365079365,0.969290901916224,0.04697828070175438,0.4093501770403236,0.00040007993709622767
BreastCancer,47,455,XGBoost,0.9874338624338624,0.9842808278600262,0.028799436752206545,0.15329364407807589,3.06390176870321e-05
BreastCancer,47,455,LightGBM,0.9890873015873015,0.9866726564839774,0.02101072678268759,0.06930298288352787,9.120648252990163e-06
BreastCancer,47,455,CatBoost,0.986111111111111,0.9848524762908324,0.02631261282970405,0.4978564081247896,9.904466487728713e-06
BreastCancer,47,455,RandomForest,0.9794973544973544,0.9787654805511948,0.041855859649122806,0.4097067820839584,0.000394687395575538
BreastCancer,47,455,XGBoost,0.9874338624338624,0.9842808278600262,0.028799436752206545,0.1521227180492133,3.053807130638968e-05
BreastCancer,47,455,LightGBM,0.9890873015873015,0.9866726564839774,0.02101072678268759,0.06851840787567198,8.9956141125999e-06
BreastCancer,47,455,CatBoost,0.986111111111111,0.9848524762908324,0.02631261282970405,0.47760081314481795,9.648603991719715e-06
BreastCancer,47,455,RandomForest,0.9794973544973544,0.9787654805511948,0.041855859649122806,0.4145620909985155,0.00040058173615027936
BreastCancer,48,50,XGBoost,0.9910714285714286,0.985189991448356,0.03884474257465624,0.09340470796450973,2.997771943020716e-05
BreastCancer,48,50,LightGBM,0.9927248677248677,0.9883959744516758,0.03885529330884209,0.014128135051578283,7.557131252006481e-06
BreastCancer,48,50,CatBoost,0.9953703703703703,0.991712911151539,0.027807278579155603,0.593660478014499,7.979965997500377e-06
BreastCancer,48,50,RandomForest,0.990079365079365,0.9848300063109352,0.040758,0.3881281279027462,0.0003986507817579989
BreastCancer,48,100,XGBoost,0.9950396825396826,0.991685351670361,0.032379112162668026,0.09918017103336751,3.0161964037177857e-05
BreastCancer,48,100,LightGBM,0.9953703703703703,0.9923339195511665,0.031192430292040427,0.024622050812467933,8.101368796799266e-06
BreastCancer,48,100,CatBoost,0.9937169312169312,0.9901028957507363,0.036897312526953704,0.29319338989444077,8.354112587607743e-06
BreastCancer,48,100,RandomForest,0.9950396825396824,0.9918713848610646,0.03143982456140352,0.38369703898206353,0.000397539481095839
BreastCancer,48,200,XGBoost,0.9976851851851852,0.9960593461900082,0.019067041944174638,0.11827373295091093,3.0055832068778966e-05
BreastCancer,48,200,LightGBM,0.9957010582010583,0.9931861676542528,0.037650696695743106,0.03987741190940142,8.446333946235346e-06
BreastCancer,48,200,CatBoost,0.996031746031746,0.9934275119491067,0.026850257224111933,0.4030306739732623,9.457106914436608e-06
BreastCancer,48,200,RandomForest,0.9957010582010581,0.9929444201616671,0.02792024561403509,0.40671037789434195,0.00038890994619578123
BreastCancer,48,455,XGBoost,0.998015873015873,0.9966698468005089,0.01758290691217048,0.15463598002679646,3.0701622579312116e-05
BreastCancer,48,455,LightGBM,0.9973544973544974,0.995576253757317,0.02239502316435002,0.07160477293655276,8.913665895530007e-06
BreastCancer,48,455,CatBoost,0.9993386243386244,0.9988793967199283,0.012457348349006388,0.6179168811067939,9.305789462176331e-06
BreastCancer,48,455,RandomForest,0.996362433862434,0.9939667520353851,0.025937508771929827,0.4404240718577057,0.0003897906403596464
BreastCancer,48,455,XGBoost,0.998015873015873,0.9966698468005089,0.01758290691217048,0.15673189982771873,3.1336210668087006e-05
BreastCancer,48,455,LightGBM,0.9973544973544974,0.995576253757317,0.02239502316435002,0.07235050317831337,8.997852554577485e-06
BreastCancer,48,455,CatBoost,0.9993386243386244,0.9988793967199283,0.012457348349006388,0.48307688790373504,9.542463853824557e-06
BreastCancer,48,455,RandomForest,0.996362433862434,0.9939667520353851,0.025937508771929827,0.4164824499748647,0.00038821353544399404
BreastCancer,49,50,XGBoost,0.9585848423876593,0.9540180675602274,0.06367835409804949,0.09325941395945847,3.0102910869548808e-05
BreastCancer,49,50,LightGBM,0.9684775318578134,0.9659761529145531,0.05479534517980747,0.014051318867132068,7.686477187460503e-06
BreastCancer,49,50,CatBoost,0.9728370221327968,0.9670093953628228,0.07167794279314496,0.24582725414074957,9.030991736634643e-06
BreastCancer,49,50,RandomForest,0.9815560026827632,0.9770582258157904,0.050540176991150446,0.3822620529681444,0.00039170920205986603
BreastCancer,49,100,XGBoost,0.9758551307847083,0.9646881859484222,0.04769515635311251,0.09674051799811423,2.9947513928719327e-05
BreastCancer,49,100,LightGBM,0.9711602951039571,0.9663154745872538,0.10493334518352798,0.01816631807014346,7.2243969590790505e-06
BreastCancer,49,100,CatBoost,0.9849094567404426,0.9779058136343076,0.061449531259130906,0.7427352520171553,9.157105588016257e-06
BreastCancer,49,100,RandomForest,0.9867538564721663,0.9815754667451966,0.048057805309734504,0.38362139998935163,0.0003925893183764631
BreastCancer,49,200,XGBoost,0.9902749832327298,0.9862706899275583,0.035382557918665306,0.11259773280471563,3.0316496927258188e-05
BreastCancer,49,200,LightGBM,0.9906103286384977,0.9869961387818531,0.04822712767735665,0.04003091994673014,8.244654658225785e-06
BreastCancer,49,200,CatBoost,0.9889336016096579,0.9839210762198379,0.046980201777124385,0.46287413011305034,1.0146734725057552e-05
BreastCancer,49,200,RandomForest,0.9899396378269618,0.9853559154883424,0.03961235398230088,0.4049664849881083,0.00040057203443968193
BreastCancer,49,456,XGBoost,0.9869215291750504,0.984288295263905,0.03479072990844869,0.15203170385211706,3.102976227162686e-05
BreastCancer,49,456,LightGBM,0.9909456740442656,0.9868909863628367,0.03657248211768353,0.06762910983525217,8.954866418400698e-06
BreastCancer,49,456,CatBoost,0.9842387659289067,0.9835139633268629,0.032401715113308034,0.6470995959825814,8.806920058168141e-06
BreastCancer,49,456,RandomForest,0.9857478202548625,0.9831740724927055,0.0365403185840708,0.41624368517659605,0.00039526197309317315
BreastCancer,49,456,XGBoost,0.9869215291750504,0.984288295263905,0.03479072990844869,0.15240770601667464,3.117345174593208e-05
BreastCancer,49,456,LightGBM,0.9909456740442656,0.9868909863628367,0.03657248211768353,0.06702107796445489,8.822752541936604e-06
BreastCancer,49,456,CatBoost,0.9842387659289067,0.9835139633268629,0.032401715113308034,0.5000419011339545,9.931485885671809e-06
BreastCancer,49,456,RandomForest,0.9857478202548625,0.9831740724927055,0.0365403185840708,0.4125788249075413,0.0003950232124796747
